entity_id,paper_id,paper_title,year,entity_type,entity,normalized_entity,section_type,section_heading,evidence_anchor,context_snippet,char_start,char_end
E00001,P001,Unknown,Unknown,model_backbone,CNN,cnn,unknown,,P001:p1-p3:unknown,ree color channels in the pixel domain and train a model using a deep convolutional neural network (CNN) framework. Experimental results on two diverse and challenging GAN datasets comprising more than 5,1073,1076
E00002,P001,Unknown,Unknown,generator_family,GAN,gan,unknown,,P001:p1-p3:unknown,Back to articles Articles Volume: 31 | Article ID: art00008 [image] Detecting GAN generated Fake Images using Co- occurrence Matrices •  Image forensics GAN image detection Fake new,78,81
E00003,P001,Unknown,Unknown,generator_family,GAN,gan,unknown,,P001:p1-p3:unknown,t00008 [image] Detecting GAN generated Fake Images using Co- occurrence Matrices •  Image forensics GAN image detection Fake news Multimedia security Deep Learning Fake images Lakshmanan Nataraj Tajuddin,153,156
E00004,P001,Unknown,Unknown,generator_family,GAN,gan,unknown,,P001:p1-p3:unknown,"has brought about completely novel ways of transforming and manipulating pixels in digital images. GAN based techniques such as Image-to-Image translations, DeepFakes, and other automated methods have b",635,638
E00005,P001,Unknown,Unknown,generator_family,GAN,gan,unknown,,P001:p1-p3:unknown,"increasingly popular in creating fake images. In this paper, we propose a novel approach to detect GAN generated fake images using a combination of co-occurrence matrices and deep learning. We extract c",843,846
E00006,P001,Unknown,Unknown,generator_family,GAN,gan,unknown,,P001:p1-p3:unknown,"p convolutional neural network (CNN) framework. Experimental results on two diverse and challenging GAN datasets comprising more than 56,000 images based on unpaired image-to-image translations (cycleGAN",1141,1144
E00007,P001,Unknown,Unknown,generator_family,GAN,gan,unknown,,P001:p1-p3:unknown,"nath, Shivkumar Chandrasekaran, Arjuna Flenner, Jawadul H. Bappy, Amit K. Roy-Chowdhury, ""Detecting GAN generated Fake Images using Co- occurrence Matrices""  in Proc. IS&T Int’l. Symp. on Electronic Imag",1906,1909
E00008,P001,Unknown,Unknown,generator_family,GAN,gan,unknown,,P001:p1-p3:unknown,tation   Copyright statement  Copyright © Society for Imaging Science and Technology 2019 Detecting GAN generated Fake Images using Co-occurrence Matrices Interactive images Close Please wait while we lo,2248,2251
E00009,P001,Unknown,Unknown,metric,accuracy,accuracy,unknown,,P001:p1-p3:unknown,"essions (StarGAN [2]) show that our approach is promising and achieves more than 99% classification accuracy in both datasets. Further, our approach also generalizes well and achieves good results when traine",1377,1385
E00010,P001,Unknown,Unknown,method_keyword,co-occurrence,co-occurrence,unknown,,P001:p1-p3:unknown,"this paper, we propose a novel approach to detect GAN generated fake images using a combination of co-occurrence matrices and deep learning. We extract co-occurrence matrices on three color channels in the pixel",892,905
E00011,P001,Unknown,Unknown,method_keyword,co-occurrence,co-occurrence,unknown,,P001:p1-p3:unknown,N generated fake images using a combination of co-occurrence matrices and deep learning. We extract co-occurrence matrices on three color channels in the pixel domain and train a model using a deep convolutional n,945,958
E00012,P001,Unknown,Unknown,method_keyword,co-occurrence,co-occurrence,unknown,,P001:p1-p3:unknown,pyright © Society for Imaging Science and Technology 2019 Detecting GAN generated Fake Images using Co-occurrence Matrices Interactive images Close Please wait while we load the datasets. Nanohub Close Please wait,2280,2293
E00013,P002,Unknown,Unknown,dataset,Synthbuster,synthbuster,unknown,,P002:p1-p8:unknown,", XXXX; date of current version XX Month, XXXX. Digital Object Identifier 10.1109/XXXX.2022.1234567 Synthbuster: Towards Detection of Diffusion Model Generated Images Quentin Bammey1 1Universit´e Paris-Saclay, E",516,527
E00014,P002,Unknown,Unknown,dataset,ArtiFact,artifact,unknown,,P002:p1-p8:unknown,"most diffusion models feature traces at periods of 2, 4, and 8. Firefly even features a 16-periodic artifact component, possibly due to a higher number of upsampling steps. Glide images feature fewer, but mor",9655,9663
E00015,P002,Unknown,Unknown,dataset,ArtiFact,artifact,unknown,,P002:p1-p8:unknown,"information: DOI 10.1109/OJSP.2023.3337714 Quentin Bammey: Original image Base prompt old tesseract artifact in a museum. soft lighting, microfilm, archaeological object, smooth surfaces, frontal perspective",12873,12881
E00016,P002,Unknown,Unknown,model_backbone,CLIP,clip,unknown,,P002:p1-p8:unknown,"ls [52] have witnessed expanding applications in computer vision, primarily fueled by the advent of CLIP [47], a model adept at embedding images and text into a shared space. Capitalizing on this capabili",10346,10350
E00017,P002,Unknown,Unknown,model_backbone,CLIP,clip,unknown,,P002:p1-p8:unknown,"hile Ojha et al. [46] train a network to distinguish real and fake images in the latent domain of a CLIP-trained architecture [22]. However, neither methods achieve good generalizability against methods u",12049,12053
E00018,P002,Unknown,Unknown,model_backbone,CLIP,clip,unknown,,P002:p1-p8:unknown,"h of the 1000 images, descriptions of the images are generated using Midjourney descriptor [40] and CLIP Interrogator [13]. These descriptions are used as a basis to manually write a text prompt to genera",22972,22976
E00019,P002,Unknown,Unknown,generator_family,GAN,gan,unknown,,P002:p1-p8:unknown,"those newer diffusion-based methods is still lacking. It has been noted [21], [25], [38], [55] that GAN-generated images feature frequency artefacts. This is also true, to This work is licensed under a C",4388,4391
E00020,P002,Unknown,Unknown,generator_family,GAN,gan,unknown,,P002:p1-p8:unknown,"turated, while Wang et al. [53] and Gragnaniello et al. [29] train CNNs to differen- tiate real and GAN-generated images. However, these studies largely predate the prevalence of diffusion models and tex",11544,11547
E00021,P002,Unknown,Unknown,generator_family,GAN,gan,unknown,,P002:p1-p8:unknown,"f diffusion models and text- to-image techniques, hence they are primarily trained and evaluated on GAN-generated images sampled from specific classes. Two methods have already been proposed to detect DM",11721,11724
E00022,P002,Unknown,Unknown,generator_family,GAN,gan,unknown,,P002:p1-p8:unknown,"ished database is proposed by Corvi et al. [15], consisting of 1000 images generated with different GAN and diffusion models, including DALL·E 2 [48], Glide [41], and Latent Diffusion [50]. To address th",17720,17723
E00023,P002,Unknown,Unknown,generator_family,GAN,gan,unknown,,P002:p1-p8:unknown,"method is trained on diffusion-model-generated, photorealistic images. It is not trained to work on GAN images, for which numerous tools already exists. Given that the frequency artefacts are usually str",30319,30322
E00024,P002,Unknown,Unknown,generator_family,GAN,gan,unknown,,P002:p1-p8:unknown,"for which numerous tools already exists. Given that the frequency artefacts are usually stronger on GAN images than on DM images, it would be easy to adapt the proposed method to GANs should the need ari",30431,30434
E00025,P002,Unknown,Unknown,generator_family,diffusion,diffusion,unknown,,P002:p1-p8:unknown,"Month, XXXX. Digital Object Identifier 10.1109/XXXX.2022.1234567 Synthbuster: Towards Detection of Diffusion Model Generated Images Quentin Bammey1 1Universit´e Paris-Saclay, ENS Paris-Saclay, CNRS, Centre Bo",550,559
E00026,P002,Unknown,Unknown,generator_family,diffusion,diffusion,unknown,,P002:p1-p8:unknown,"is Cit´e, SSA and INSERM. ABSTRACT Synthetically-generated images are getting increasingly popular. Diffusion models have advanced to the stage where even non-experts can generate photo-realistic images from a",1097,1106
E00027,P002,Unknown,Unknown,generator_family,diffusion,diffusion,unknown,,P002:p1-p8:unknown,"this challenge, we introduce a method specifically designed to detect synthetic images produced by diffusion models. Our approach capitalizes on the inherent frequency artefacts left behind during the diffusi",1654,1663
E00028,P002,Unknown,Unknown,generator_family,diffusion,diffusion,unknown,,P002:p1-p8:unknown,ffusion models. Our approach capitalizes on the inherent frequency artefacts left behind during the diffusion process. Spectral analysis is used to highlight the artefacts in the Fourier transform of a residua,1756,1765
E00029,P002,Unknown,Unknown,generator_family,diffusion,diffusion,unknown,,P002:p1-p8:unknown,"residual image, which are used to distinguish real from fake images. The proposed method can detect diffusion-model-generated images even under mild JPEG compression, and generalizes relatively well to unknown",1958,1967
E00030,P002,Unknown,Unknown,generator_family,diffusion,diffusion,unknown,,P002:p1-p8:unknown,"ic methodologies and ignite further research into the detection of AI-generated images. INDEX TERMS Diffusion models, Image forensics, Media forensics, Multimedia forensics, Spectral analysis, Synthetic image",2235,2244
E00031,P002,Unknown,Unknown,generator_family,diffusion,diffusion,unknown,,P002:p1-p8:unknown,"istort the truth. However, a new source of disinformation has now appeared. Thanks to the advent of diffusion models [40], [48]–[50] and text-to-image joint embeddings, it is now possible and easy to generate",3181,3190
E00032,P002,Unknown,Unknown,generator_family,diffusion,diffusion,unknown,,P002:p1-p8:unknown,"o focused on this architecture, while the literature on detecting images synthetized by those newer diffusion-based methods is still lacking. It has been noted [21], [25], [38], [55] that GAN-generated images",4300,4309
E00033,P002,Unknown,Unknown,generator_family,diffusion,diffusion,unknown,,P002:p1-p8:unknown,"de  extraction Fake! 156 39 253 FIGURE 1: The proposed method detects synthetic images generated by diffusion models in the spectral domain. It computes a high-pass residual of a suspect image, and analyses su",5188,5197
E00034,P002,Unknown,Unknown,generator_family,diffusion,diffusion,unknown,,P002:p1-p8:unknown,"dividual images, • Based on this, we introduce a spectral method to detect AI-generated images from diffusion models, • We design a database of synthetic images to compare the existing methods. The dataset inc",5684,5693
E00035,P002,Unknown,Unknown,generator_family,diffusion,diffusion,unknown,,P002:p1-p8:unknown,"this paper, we propose a method based on spectral analysis to detect synthetic images generated by diffusion models. We set up a simple method to highlight and anal- yse the frequency artefacts in images, dis",6989,6998
E00036,P002,Unknown,Unknown,generator_family,diffusion,diffusion,unknown,,P002:p1-p8:unknown,"der mild JPEG compression, and distinguish the artefacts caused by compression than those caused by diffusion pro- cesses. The method adapts well to unseen architectures, a gap that is yet to be overcome by ex",7331,7340
E00037,P002,Unknown,Unknown,generator_family,diffusion,diffusion,unknown,,P002:p1-p8:unknown,"fueled by the triad of Variational Autoencoders (VAEs), Generative Adversarial Networks (GANs), and Diffusion Models (DMs). These advancements have revolutionized image synthesis, paving the way towards crafti",7734,7743
E00038,P002,Unknown,Unknown,generator_family,diffusion,diffusion,unknown,,P002:p1-p8:unknown,"deeply influenced the landscape of image generation [9], [32], they have recently been surpassed by diffusion models [51]. These models conceptualize data distribution as a diffusion process, iteratively disto",8000,8009
E00039,P002,Unknown,Unknown,generator_family,diffusion,diffusion,unknown,,P002:p1-p8:unknown,"recently been surpassed by diffusion models [51]. These models conceptualize data distribution as a diffusion process, iteratively distorting the image using a simplistic prior and gradually converting it back",8073,8082
E00040,P002,Unknown,Unknown,generator_family,diffusion,diffusion,unknown,,P002:p1-p8:unknown,"implistic prior and gradually converting it back into the target distribution. Notably, the Ablated Diffusion Model (ADM) [20] has exceeded the capabilities 2 VOLUME , This work is licensed under a Creative Co",8234,8243
E00041,P002,Unknown,Unknown,generator_family,diffusion,diffusion,unknown,,P002:p1-p8:unknown,DOI 10.1109/OJSP.2023.3337714 <Society logo(s) and publication title will appear here.> (a) Stable Diffusion 1.3 (b) Stable Diffusion 1.4 (c) Stable Diffusion 2 (d) Stable Diffusion XL (e) Glide (f) Midjourne,8768,8777
E00042,P002,Unknown,Unknown,generator_family,diffusion,diffusion,unknown,,P002:p1-p8:unknown,37714 <Society logo(s) and publication title will appear here.> (a) Stable Diffusion 1.3 (b) Stable Diffusion 1.4 (c) Stable Diffusion 2 (d) Stable Diffusion XL (e) Glide (f) Midjourney v5 (g) DALL·E 2 (h) DAL,8793,8802
E00043,P002,Unknown,Unknown,generator_family,diffusion,diffusion,unknown,,P002:p1-p8:unknown,d publication title will appear here.> (a) Stable Diffusion 1.3 (b) Stable Diffusion 1.4 (c) Stable Diffusion 2 (d) Stable Diffusion XL (e) Glide (f) Midjourney v5 (g) DALL·E 2 (h) DALL·E 3 (i) Adobe Firefly (,8818,8827
E00044,P002,Unknown,Unknown,generator_family,diffusion,diffusion,unknown,,P002:p1-p8:unknown,l appear here.> (a) Stable Diffusion 1.3 (b) Stable Diffusion 1.4 (c) Stable Diffusion 2 (d) Stable Diffusion XL (e) Glide (f) Midjourney v5 (g) DALL·E 2 (h) DALL·E 3 (i) Adobe Firefly (j) Raise (real images),8841,8850
E00045,P002,Unknown,Unknown,generator_family,diffusion,diffusion,unknown,,P002:p1-p8:unknown,"dels where images vary in size, only those of the most frequent size are used. We can see that most diffusion models feature traces at periods of 2, 4, and 8. Firefly even features a 16-periodic artifact compo",9560,9569
E00046,P002,Unknown,Unknown,generator_family,diffusion,diffusion,unknown,,P002:p1-p8:unknown,"e model. of GANs and VAEs in image generation, marking a vital inflection point in the evolution of diffusion models. In parallel with diffusion models, Transformer Mod- els [52] have witnessed expanding appli",10175,10184
E00047,P002,Unknown,Unknown,generator_family,diffusion,diffusion,unknown,,P002:p1-p8:unknown,"generation, marking a vital inflection point in the evolution of diffusion models. In parallel with diffusion models, Transformer Mod- els [52] have witnessed expanding applications in computer vision, primari",10210,10219
E00048,P002,Unknown,Unknown,generator_family,diffusion,diffusion,unknown,,P002:p1-p8:unknown,"del adept at embedding images and text into a shared space. Capitalizing on this capability, latent diffusion models [49] such as Stable Diffusion (SD) [50] and DALL·E [48] have extended diffusion models to sy",10461,10470
E00049,P002,Unknown,Unknown,generator_family,diffusion,diffusion,unknown,,P002:p1-p8:unknown,"t into a shared space. Capitalizing on this capability, latent diffusion models [49] such as Stable Diffusion (SD) [50] and DALL·E [48] have extended diffusion models to synthesize images from text prompts in",10498,10507
E00050,P002,Unknown,Unknown,generator_family,diffusion,diffusion,unknown,,P002:p1-p8:unknown,"lity, latent diffusion models [49] such as Stable Diffusion (SD) [50] and DALL·E [48] have extended diffusion models to synthesize images from text prompts in a latent feature space, resulting in a leap forwar",10548,10557
E00051,P002,Unknown,Unknown,generator_family,diffusion,diffusion,unknown,,P002:p1-p8:unknown,"eren- tiate real and GAN-generated images. However, these studies largely predate the prevalence of diffusion models and text- to-image techniques, hence they are primarily trained and evaluated on GAN-generat",11623,11632
E00052,P002,Unknown,Unknown,generator_family,diffusion,diffusion,unknown,,P002:p1-p8:unknown,"dle of the screwdriver, bokeh in the background, 105mm f/5.6 Midjourney v5 DALL·E 2 DALL·E 3 Stable Diffusion 1.3 Stable Diffusion 1.4 Stable Diffusion 2 Stable Diffusion XL Glide Firefly FIGURE 3: Examples of",13462,13471
E00053,P002,Unknown,Unknown,generator_family,diffusion,diffusion,unknown,,P002:p1-p8:unknown,"r, bokeh in the background, 105mm f/5.6 Midjourney v5 DALL·E 2 DALL·E 3 Stable Diffusion 1.3 Stable Diffusion 1.4 Stable Diffusion 2 Stable Diffusion XL Glide Firefly FIGURE 3: Examples of the generated images",13483,13492
E00054,P002,Unknown,Unknown,generator_family,diffusion,diffusion,unknown,,P002:p1-p8:unknown,"round, 105mm f/5.6 Midjourney v5 DALL·E 2 DALL·E 3 Stable Diffusion 1.3 Stable Diffusion 1.4 Stable Diffusion 2 Stable Diffusion XL Glide Firefly FIGURE 3: Examples of the generated images in the database. The",13504,13513
E00055,P002,Unknown,Unknown,generator_family,diffusion,diffusion,unknown,,P002:p1-p8:unknown,Midjourney v5 DALL·E 2 DALL·E 3 Stable Diffusion 1.3 Stable Diffusion 1.4 Stable Diffusion 2 Stable Diffusion XL Glide Firefly FIGURE 3: Examples of the generated images in the database. The images are generat,13523,13532
E00056,P002,Unknown,Unknown,generator_family,diffusion,diffusion,unknown,,P002:p1-p8:unknown,"FIGURE 3: Examples of the generated images in the database. The images are generated with different diffusion models using a text prompt, that loosely based on a natural image from Raise-1k [17]. As the goal o",13650,13659
E00057,P002,Unknown,Unknown,generator_family,diffusion,diffusion,unknown,,P002:p1-p8:unknown,"cts in these periods [2], [7], [8], [44]. To train the network to only detect artefacts coming from diffusion methods, we apply JPEG compression to the training images. One model is trained for each JPEG quali",15757,15766
E00058,P002,Unknown,Unknown,generator_family,diffusion,diffusion,unknown,,P002:p1-p8:unknown,"then apply various post-processing such as JPEG compression on a clean image. On the other hand, as diffusion models are quite recent, the available data on such images is scarce. To the best of our knowledge,",17492,17501
E00059,P002,Unknown,Unknown,generator_family,diffusion,diffusion,unknown,,P002:p1-p8:unknown,"tabase is proposed by Corvi et al. [15], consisting of 1000 images generated with different GAN and diffusion models, including DALL·E 2 [48], Glide [41], and Latent Diffusion [50]. To address this scarcity, w",17728,17737
E00060,P002,Unknown,Unknown,generator_family,diffusion,diffusion,unknown,,P002:p1-p8:unknown,"generated with different GAN and diffusion models, including DALL·E 2 [48], Glide [41], and Latent Diffusion [50]. To address this scarcity, we propose our own dataset of DM-generated images. This enables us",17794,17803
E00061,P002,Unknown,Unknown,generator_family,diffusion,diffusion,unknown,,P002:p1-p8:unknown,"own dataset of DM-generated images. This enables us to provide a way to evaluate methods on current diffusion models, such as Stable Diffusion [50] 1.3, 1.4, 2, and XL, Midjourney [40], Adobe Firefly [24],DALL",17951,17960
E00062,P002,Unknown,Unknown,generator_family,diffusion,diffusion,unknown,,P002:p1-p8:unknown,"s. This enables us to provide a way to evaluate methods on current diffusion models, such as Stable Diffusion [50] 1.3, 1.4, 2, and XL, Midjourney [40], Adobe Firefly [24],DALL·E [48] 2 and 3, for which no pub",17984,17993
E00063,P002,Unknown,Unknown,generator_family,diffusion,diffusion,unknown,,P002:p1-p8:unknown,"e a relatively small number of features. Trained with both real and synthetic images from different diffusion models, our classifier learns to distinguish authentic and generated images using only the magnitud",19978,19987
E00064,P002,Unknown,Unknown,generator_family,diffusion,diffusion,unknown,,P002:p1-p8:unknown,"ted images using only the magnitude of these peaks. The model is trained on both natural images and diffusion- model generated ones, to detect whether the analysed fea- VOLUME , 5 This work is licensed under a",20153,20162
E00065,P002,Unknown,Unknown,generator_family,diffusion,diffusion,unknown,,P002:p1-p8:unknown,"E 1: Comparative results of the state of the art and the proposed method on Glide (GD) [41], stable diffusion (SD) [50] 1.3 and 1.4, Midjourney(MJ) v5 [40], and DALL·E 2(DE) [48]. The proposed method is displa",21521,21530
E00066,P002,Unknown,Unknown,generator_family,diffusion,diffusion,unknown,,P002:p1-p8:unknown,"3 and 1.4, Midjourney(MJ) v5 [40], and DALL·E 2(DE) [48]. The proposed method is displayed when the diffusion model of the studied images was encountered during training (generic), when the detection method is",21643,21652
E00067,P002,Unknown,Unknown,generator_family,diffusion,diffusion,unknown,,P002:p1-p8:unknown,"d is trained specifically on this model (specific), and when the method is not trained on the image diffusion model (generalization). The Matthew’s Correlation Coefficient MCC score is displayed, by setting th",21848,21857
E00068,P002,Unknown,Unknown,generator_family,diffusion,diffusion,unknown,,P002:p1-p8:unknown,"-diverse dataset as a guideline ensures the generated images are varied. training (generic), if the diffusion model is exactly known (specific) or in the worst case where the diffusion model is entirely unseen",22424,22433
E00069,P002,Unknown,Unknown,generator_family,diffusion,diffusion,unknown,,P002:p1-p8:unknown,"aining (generic), if the diffusion model is exactly known (specific) or in the worst case where the diffusion model is entirely unseen during training (generalization): Note that the original images are not us",22499,22508
E00070,P002,Unknown,Unknown,generator_family,diffusion,diffusion,unknown,,P002:p1-p8:unknown,"images for dis- information are usually created with fake images from existing, publicly-available diffusion model, but it is rarely known specifically which model was used. The generic-trained method constit",23693,23702
E00071,P002,Unknown,Unknown,generator_family,diffusion,diffusion,unknown,,P002:p1-p8:unknown,"ths and limits of the method. 2) Specific training: the method can be trained specifi- cally on the diffusion model used for the images. While this approach can be seen as unrealistic, it enables us to know th",24049,24058
E00072,P002,Unknown,Unknown,generator_family,diffusion,diffusion,unknown,,P002:p1-p8:unknown,"te an image is known. 3) Generalization training: Reversely, the method can be trained on all known diffusion models, except the one used to generate the image, to assess whether the method can generalize to u",24337,24346
E00073,P002,Unknown,Unknown,generator_family,diffusion,diffusion,unknown,,P002:p1-p8:unknown,"in Table 1. Under the generic training, the proposed method yields consistently good results across diffusion models and beats the state of the art on all, even against stable diffusion images which are alread",25424,25433
E00074,P002,Unknown,Unknown,generator_family,diffusion,diffusion,unknown,,P002:p1-p8:unknown,"tly good results across diffusion models and beats the state of the art on all, even against stable diffusion images which are already well-detected by Corvi et al. [15]. Knowing the specific model used is sho",25500,25509
E00075,P002,Unknown,Unknown,generator_family,diffusion,diffusion,unknown,,P002:p1-p8:unknown,"forensics [2]– [6], [26], [36], [42], [44] Finally, we note that the proposed method is trained on diffusion-model-generated, photorealistic images. It is not trained to work on GAN images, for which numerous",30240,30249
E00076,P002,Unknown,Unknown,generator_family,diffusion,diffusion,unknown,,P002:p1-p8:unknown,"Conclusion I N this paper, we have trained a simple method to detect synthetic images generated by diffusion models. The method reveals the frequency artefacts using an high pass filter, then distinguishes re",33878,33887
E00077,P002,Unknown,Unknown,generator_family,latent diffusion,latent diffusion,unknown,,P002:p1-p8:unknown,"], a model adept at embedding images and text into a shared space. Capitalizing on this capability, latent diffusion models [49] such as Stable Diffusion (SD) [50] and DALL·E [48] have extended diffusion models to sy",10454,10470
E00078,P002,Unknown,Unknown,generator_family,latent diffusion,latent diffusion,unknown,,P002:p1-p8:unknown,"images generated with different GAN and diffusion models, including DALL·E 2 [48], Glide [41], and Latent Diffusion [50]. To address this scarcity, we propose our own dataset of DM-generated images. This enables us",17787,17803
E00079,P002,Unknown,Unknown,generator_family,Stable Diffusion,stable diffusion,unknown,,P002:p1-p8:unknown,mation: DOI 10.1109/OJSP.2023.3337714 <Society logo(s) and publication title will appear here.> (a) Stable Diffusion 1.3 (b) Stable Diffusion 1.4 (c) Stable Diffusion 2 (d) Stable Diffusion XL (e) Glide (f) Midjourne,8761,8777
E00080,P002,Unknown,Unknown,generator_family,Stable Diffusion,stable diffusion,unknown,,P002:p1-p8:unknown,2023.3337714 <Society logo(s) and publication title will appear here.> (a) Stable Diffusion 1.3 (b) Stable Diffusion 1.4 (c) Stable Diffusion 2 (d) Stable Diffusion XL (e) Glide (f) Midjourney v5 (g) DALL·E 2 (h) DAL,8786,8802
E00081,P002,Unknown,Unknown,generator_family,Stable Diffusion,stable diffusion,unknown,,P002:p1-p8:unknown,o(s) and publication title will appear here.> (a) Stable Diffusion 1.3 (b) Stable Diffusion 1.4 (c) Stable Diffusion 2 (d) Stable Diffusion XL (e) Glide (f) Midjourney v5 (g) DALL·E 2 (h) DALL·E 3 (i) Adobe Firefly (,8811,8827
E00082,P002,Unknown,Unknown,generator_family,Stable Diffusion,stable diffusion,unknown,,P002:p1-p8:unknown,tle will appear here.> (a) Stable Diffusion 1.3 (b) Stable Diffusion 1.4 (c) Stable Diffusion 2 (d) Stable Diffusion XL (e) Glide (f) Midjourney v5 (g) DALL·E 2 (h) DALL·E 3 (i) Adobe Firefly (j) Raise (real images),8834,8850
E00083,P002,Unknown,Unknown,generator_family,Stable Diffusion,stable diffusion,unknown,,P002:p1-p8:unknown,"and text into a shared space. Capitalizing on this capability, latent diffusion models [49] such as Stable Diffusion (SD) [50] and DALL·E [48] have extended diffusion models to synthesize images from text prompts in",10491,10507
E00084,P002,Unknown,Unknown,generator_family,Stable Diffusion,stable diffusion,unknown,,P002:p1-p8:unknown,"rey handle of the screwdriver, bokeh in the background, 105mm f/5.6 Midjourney v5 DALL·E 2 DALL·E 3 Stable Diffusion 1.3 Stable Diffusion 1.4 Stable Diffusion 2 Stable Diffusion XL Glide Firefly FIGURE 3: Examples of",13455,13471
E00085,P002,Unknown,Unknown,generator_family,Stable Diffusion,stable diffusion,unknown,,P002:p1-p8:unknown,"ewdriver, bokeh in the background, 105mm f/5.6 Midjourney v5 DALL·E 2 DALL·E 3 Stable Diffusion 1.3 Stable Diffusion 1.4 Stable Diffusion 2 Stable Diffusion XL Glide Firefly FIGURE 3: Examples of the generated images",13476,13492
E00086,P002,Unknown,Unknown,generator_family,Stable Diffusion,stable diffusion,unknown,,P002:p1-p8:unknown,"e background, 105mm f/5.6 Midjourney v5 DALL·E 2 DALL·E 3 Stable Diffusion 1.3 Stable Diffusion 1.4 Stable Diffusion 2 Stable Diffusion XL Glide Firefly FIGURE 3: Examples of the generated images in the database. The",13497,13513
E00087,P002,Unknown,Unknown,generator_family,Stable Diffusion,stable diffusion,unknown,,P002:p1-p8:unknown,f/5.6 Midjourney v5 DALL·E 2 DALL·E 3 Stable Diffusion 1.3 Stable Diffusion 1.4 Stable Diffusion 2 Stable Diffusion XL Glide Firefly FIGURE 3: Examples of the generated images in the database. The images are generat,13516,13532
E00088,P002,Unknown,Unknown,generator_family,Stable Diffusion,stable diffusion,unknown,,P002:p1-p8:unknown,"d images. This enables us to provide a way to evaluate methods on current diffusion models, such as Stable Diffusion [50] 1.3, 1.4, 2, and XL, Midjourney [40], Adobe Firefly [24],DALL·E [48] 2 and 3, for which no pub",17977,17993
E00089,P002,Unknown,Unknown,generator_family,Stable Diffusion,stable diffusion,unknown,,P002:p1-p8:unknown,"49 TABLE 1: Comparative results of the state of the art and the proposed method on Glide (GD) [41], stable diffusion (SD) [50] 1.3 and 1.4, Midjourney(MJ) v5 [40], and DALL·E 2(DE) [48]. The proposed method is displa",21514,21530
E00090,P002,Unknown,Unknown,generator_family,Midjourney,midjourney,unknown,,P002:p1-p8:unknown,Diffusion 1.3 (b) Stable Diffusion 1.4 (c) Stable Diffusion 2 (d) Stable Diffusion XL (e) Glide (f) Midjourney v5 (g) DALL·E 2 (h) DALL·E 3 (i) Adobe Firefly (j) Raise (real images) FIGURE 2: FFT of the average,8868,8878
E00091,P002,Unknown,Unknown,generator_family,Midjourney,midjourney,unknown,,P002:p1-p8:unknown,"focus on the euphorbia and the grey handle of the screwdriver, bokeh in the background, 105mm f/5.6 Midjourney v5 DALL·E 2 DALL·E 3 Stable Diffusion 1.3 Stable Diffusion 1.4 Stable Diffusion 2 Stable Diffusion",13423,13433
E00092,P002,Unknown,Unknown,generator_family,Midjourney,midjourney,unknown,,P002:p1-p8:unknown,"to evaluate methods on current diffusion models, such as Stable Diffusion [50] 1.3, 1.4, 2, and XL, Midjourney [40], Adobe Firefly [24],DALL·E [48] 2 and 3, for which no publicly-available datasets are availabl",18020,18030
E00093,P002,Unknown,Unknown,generator_family,Midjourney,midjourney,unknown,,P002:p1-p8:unknown,"on. Citation information: DOI 10.1109/OJSP.2023.3337714 Quentin Bammey: Glide SD1.3 SD1.4 SD2 SD XL Midjourney DALL·E 2 DALL·E 3 Firefly Overall Proposed, generic 0.915 0.933 0.943 0.866 0.915 0.867 0.932 0.920",20674,20684
E00094,P002,Unknown,Unknown,generator_family,Midjourney,midjourney,unknown,,P002:p1-p8:unknown,"tate of the art and the proposed method on Glide (GD) [41], stable diffusion (SD) [50] 1.3 and 1.4, Midjourney(MJ) v5 [40], and DALL·E 2(DE) [48]. The proposed method is displayed when the diffusion model of th",21554,21564
E00095,P002,Unknown,Unknown,generator_family,Midjourney,midjourney,unknown,,P002:p1-p8:unknown,"ry as the original one. For each of the 1000 images, descriptions of the images are generated using Midjourney descriptor [40] and CLIP Interrogator [13]. These descriptions are used as a basis to manually writ",22941,22951
E00096,P002,Unknown,Unknown,generator_family,Midjourney,midjourney,unknown,,P002:p1-p8:unknown,"ific model used is shown to slightly enhance the results, although this is only significant against Midjourney [40] and DALL·E 2 images. The model also shows great generalization ability, although the results 6",25687,25697
E00097,P002,Unknown,Unknown,generator_family,Midjourney,midjourney,unknown,,P002:p1-p8:unknown,.2023.3337714 <Society logo(s) and publication title will appear here.> Glide SD1.3 SD1.4 SD2 SD XL Midjourney DALL·E 2 DALL·E 3 Firefly Overall Uncompressed 0.915 0.933 0.943 0.866 0.915 0.867 0.932 0.920 0.91,26290,26300
E00098,P002,Unknown,Unknown,generator_family,Midjourney,midjourney,unknown,,P002:p1-p8:unknown,"s robustness against JPEG compression, even at a Q = 70 quality factor. Glide SD1.3 SD1.4 SD2 SD XL Midjourney DALL·E 2 DALL·E 3 Firefly Overall Proposed (with Cross-difference) 0.915 0.933 0.943 0.866 0.915 0.",27360,27370
E00099,P002,Unknown,Unknown,generator_family,Midjourney,midjourney,unknown,,P002:p1-p8:unknown,"han when the model has been seen during training. Generalization results are significantly worse on Midjourney images, and even more so on DALL·E 2 images, suggesting these models architectures are dissimilar t",28121,28131
E00100,P002,Unknown,Unknown,metric,accuracy,accuracy,unknown,,P002:p1-p8:unknown,"to handle the dimensionality of the data, as 135 features are to consider, and can maintain a high accuracy. Although it was historically shadowed by neural network, this much simpler model is sufficient as",19760,19768
E00101,P002,Unknown,Unknown,metric,F1,f1,unknown,,P002:p1-p8:unknown,"nd thus fewer opportunities for frequency artefacts to be revealed. 0.6 0.6 Proposed (AUROC = 0.99, F1 = 0.97, MCC = 0.93) Proposed (AUROC = 0.99, F1 = 0.96, MCC = 0.92) Proposed, Specific (AUROC = 1.00",31878,31880
E00102,P002,Unknown,Unknown,metric,F1,f1,unknown,,P002:p1-p8:unknown,"acts to be revealed. 0.6 0.6 Proposed (AUROC = 0.99, F1 = 0.97, MCC = 0.93) Proposed (AUROC = 0.99, F1 = 0.96, MCC = 0.92) Proposed, Specific (AUROC = 1.00, F1 = 0.99, MCC = 0.97) Proposed, Specific (AU",31925,31927
E00103,P002,Unknown,Unknown,metric,F1,f1,unknown,,P002:p1-p8:unknown,"0.97, MCC = 0.93) Proposed (AUROC = 0.99, F1 = 0.96, MCC = 0.92) Proposed, Specific (AUROC = 1.00, F1 = 0.99, MCC = 0.97) Proposed, Specific (AUROC = 0.99, F1 = 0.97, MCC = 0.93) 0.4 0.4 True Positive",31982,31984
E00104,P002,Unknown,Unknown,metric,F1,f1,unknown,,P002:p1-p8:unknown,"= 0.92) Proposed, Specific (AUROC = 1.00, F1 = 0.99, MCC = 0.97) Proposed, Specific (AUROC = 0.99, F1 = 0.97, MCC = 0.93) 0.4 0.4 True Positive Rate True Positive Rate Proposed, Generalization (AUROC =",32039,32041
E00105,P002,Unknown,Unknown,metric,F1,f1,unknown,,P002:p1-p8:unknown,", MCC = 0.93) 0.4 0.4 True Positive Rate True Positive Rate Proposed, Generalization (AUROC = 0.72, F1 = 0.68, MCC = 0.48) Proposed, Generalization (AUROC = 0.97, F1 = 0.92, MCC = 0.85) UFD (AUROC = 0.7",32148,32150
E00106,P002,Unknown,Unknown,metric,F1,f1,unknown,,P002:p1-p8:unknown,"posed, Generalization (AUROC = 0.72, F1 = 0.68, MCC = 0.48) Proposed, Generalization (AUROC = 0.97, F1 = 0.92, MCC = 0.85) UFD (AUROC = 0.73, F1 = 0.68, MCC = 0.42) UFD (AUROC = 0.04, F1 = 0.67, MCC = 0",32211,32213
E00107,P002,Unknown,Unknown,metric,F1,f1,unknown,,P002:p1-p8:unknown,"0.68, MCC = 0.48) Proposed, Generalization (AUROC = 0.97, F1 = 0.92, MCC = 0.85) UFD (AUROC = 0.73, F1 = 0.68, MCC = 0.42) UFD (AUROC = 0.04, F1 = 0.67, MCC = 0.00) Wang et al. (AUROC = 0.50, F1 = 0.44,",32253,32255
E00108,P002,Unknown,Unknown,metric,F1,f1,unknown,,P002:p1-p8:unknown,"(AUROC = 0.97, F1 = 0.92, MCC = 0.85) UFD (AUROC = 0.73, F1 = 0.68, MCC = 0.42) UFD (AUROC = 0.04, F1 = 0.67, MCC = 0.00) Wang et al. (AUROC = 0.50, F1 = 0.44, MCC = 0.00) Wang et al. (AUROC = 0.30, F1",32295,32297
E00109,P002,Unknown,Unknown,metric,F1,f1,unknown,,P002:p1-p8:unknown,"= 0.73, F1 = 0.68, MCC = 0.42) UFD (AUROC = 0.04, F1 = 0.67, MCC = 0.00) Wang et al. (AUROC = 0.50, F1 = 0.44, MCC = 0.00) Wang et al. (AUROC = 0.30, F1 = 0.00, MCC = 0.00) 0.2 0.2 Mandelli et al. (AURO",32345,32347
E00110,P002,Unknown,Unknown,metric,F1,f1,unknown,,P002:p1-p8:unknown,"F1 = 0.67, MCC = 0.00) Wang et al. (AUROC = 0.50, F1 = 0.44, MCC = 0.00) Wang et al. (AUROC = 0.30, F1 = 0.00, MCC = 0.00) 0.2 0.2 Mandelli et al. (AUROC = 0.66, F1 = 0.71, MCC = 0.37) Mandelli et al. (",32395,32397
E00111,P002,Unknown,Unknown,metric,F1,f1,unknown,,P002:p1-p8:unknown,"CC = 0.00) Wang et al. (AUROC = 0.30, F1 = 0.00, MCC = 0.00) 0.2 0.2 Mandelli et al. (AUROC = 0.66, F1 = 0.71, MCC = 0.37) Mandelli et al. (AUROC = 0.71, F1 = 0.74, MCC = 0.49) Corvi et al. (AUROC = 0.0",32457,32459
E00112,P002,Unknown,Unknown,metric,F1,f1,unknown,,P002:p1-p8:unknown,"0.00) 0.2 0.2 Mandelli et al. (AUROC = 0.66, F1 = 0.71, MCC = 0.37) Mandelli et al. (AUROC = 0.71, F1 = 0.74, MCC = 0.49) Corvi et al. (AUROC = 0.05, F1 = 0.67, MCC = 0.00) Corvi et al. (AUROC = 0.01,",32511,32513
E00113,P002,Unknown,Unknown,metric,F1,f1,unknown,,P002:p1-p8:unknown,"0.71, MCC = 0.37) Mandelli et al. (AUROC = 0.71, F1 = 0.74, MCC = 0.49) Corvi et al. (AUROC = 0.05, F1 = 0.67, MCC = 0.00) Corvi et al. (AUROC = 0.01, F1 = 0.67, MCC = 0.00) Gragnaniello et al. (AUROC =",32562,32564
E00114,P002,Unknown,Unknown,metric,F1,f1,unknown,,P002:p1-p8:unknown,"= 0.74, MCC = 0.49) Corvi et al. (AUROC = 0.05, F1 = 0.67, MCC = 0.00) Corvi et al. (AUROC = 0.01, F1 = 0.67, MCC = 0.00) Gragnaniello et al. (AUROC = 0.53, F1 = 0.70, MCC = 0.26) Gragnaniello et al. (",32613,32615
E00115,P002,Unknown,Unknown,metric,F1,f1,unknown,,P002:p1-p8:unknown,", MCC = 0.00) Corvi et al. (AUROC = 0.01, F1 = 0.67, MCC = 0.00) Gragnaniello et al. (AUROC = 0.53, F1 = 0.70, MCC = 0.26) Gragnaniello et al. (AUROC = 0.01, F1 = 0.67, MCC = 0.00) PatchForensics (AUROC",32671,32673
E00116,P002,Unknown,Unknown,metric,F1,f1,unknown,,P002:p1-p8:unknown,"0.00) Gragnaniello et al. (AUROC = 0.53, F1 = 0.70, MCC = 0.26) Gragnaniello et al. (AUROC = 0.01, F1 = 0.67, MCC = 0.00) PatchForensics (AUROC = 0.52, F1 = 0.67, MCC = 0.11) PatchForensics (AUROC = 0.",32729,32731
E00117,P002,Unknown,Unknown,metric,F1,f1,unknown,,P002:p1-p8:unknown,"MCC = 0.26) Gragnaniello et al. (AUROC = 0.01, F1 = 0.67, MCC = 0.00) PatchForensics (AUROC = 0.52, F1 = 0.67, MCC = 0.11) PatchForensics (AUROC = 0.55, F1 = 0.72, MCC = 0.33) 0.0 0.0 0.0 0.2 0.4 0.6 0.",32782,32784
E00118,P002,Unknown,Unknown,metric,F1,f1,unknown,,P002:p1-p8:unknown,".67, MCC = 0.00) PatchForensics (AUROC = 0.52, F1 = 0.67, MCC = 0.11) PatchForensics (AUROC = 0.55, F1 = 0.72, MCC = 0.33) 0.0 0.0 0.0 0.2 0.4 0.6 0.8 1.0 False Positive Rate 0.0 0.2 0.4 0.6 0.8 1.0 Fal",32835,32837
E00119,P002,Unknown,Unknown,metric,F1,f1,unknown,,P002:p1-p8:unknown,"2 0.4 0.6 0.8 1.0 False Positive Rate firefly glide 1.0 1.0 0.8 0.8 0.6 0.6 Proposed (AUROC = 0.99, F1 = 0.96, MCC = 0.91) Proposed (AUROC = 0.99, F1 = 0.96, MCC = 0.92) Proposed, Specific (AUROC = 0.94",33016,33018
E00120,P002,Unknown,Unknown,metric,F1,f1,unknown,,P002:p1-p8:unknown,"lide 1.0 1.0 0.8 0.8 0.6 0.6 Proposed (AUROC = 0.99, F1 = 0.96, MCC = 0.91) Proposed (AUROC = 0.99, F1 = 0.96, MCC = 0.92) Proposed, Specific (AUROC = 0.94, F1 = 0.87, MCC = 0.73) Proposed, Specific (AU",33063,33065
E00121,P002,Unknown,Unknown,metric,F1,f1,unknown,,P002:p1-p8:unknown,"0.96, MCC = 0.91) Proposed (AUROC = 0.99, F1 = 0.96, MCC = 0.92) Proposed, Specific (AUROC = 0.94, F1 = 0.87, MCC = 0.73) Proposed, Specific (AUROC = 0.99, F1 = 0.97, MCC = 0.94) 0.4 0.4 True Positive",33120,33122
E00122,P002,Unknown,Unknown,metric,F1,f1,unknown,,P002:p1-p8:unknown,"= 0.92) Proposed, Specific (AUROC = 0.94, F1 = 0.87, MCC = 0.73) Proposed, Specific (AUROC = 0.99, F1 = 0.97, MCC = 0.94) 0.4 0.4 True Positive Rate True Positive Rate Proposed, Generalization (AUROC =",33177,33179
E00123,P002,Unknown,Unknown,metric,F1,f1,unknown,,P002:p1-p8:unknown,", MCC = 0.94) 0.4 0.4 True Positive Rate True Positive Rate Proposed, Generalization (AUROC = 0.92, F1 = 0.85, MCC = 0.70) Proposed, Generalization (AUROC = 0.97, F1 = 0.91, MCC = 0.83) UFD (AUROC = 0.8",33286,33288
E00124,P002,Unknown,Unknown,metric,F1,f1,unknown,,P002:p1-p8:unknown,"posed, Generalization (AUROC = 0.92, F1 = 0.85, MCC = 0.70) Proposed, Generalization (AUROC = 0.97, F1 = 0.91, MCC = 0.83) UFD (AUROC = 0.86, F1 = 0.79, MCC = 0.62) UFD (AUROC = 0.23, F1 = 0.66, MCC = 0",33349,33351
E00125,P002,Unknown,Unknown,metric,F1,f1,unknown,,P002:p1-p8:unknown,"0.85, MCC = 0.70) Proposed, Generalization (AUROC = 0.97, F1 = 0.91, MCC = 0.83) UFD (AUROC = 0.86, F1 = 0.79, MCC = 0.62) UFD (AUROC = 0.23, F1 = 0.66, MCC = 0.10) Wang et al. (AUROC = 0.71, F1 = 0.72,",33391,33393
E00126,P002,Unknown,Unknown,metric,F1,f1,unknown,,P002:p1-p8:unknown,"(AUROC = 0.97, F1 = 0.91, MCC = 0.83) UFD (AUROC = 0.86, F1 = 0.79, MCC = 0.62) UFD (AUROC = 0.23, F1 = 0.66, MCC = 0.10) Wang et al. (AUROC = 0.71, F1 = 0.72, MCC = 0.39) Wang et al. (AUROC = 0.37, F1",33433,33435
E00127,P002,Unknown,Unknown,metric,F1,f1,unknown,,P002:p1-p8:unknown,"= 0.86, F1 = 0.79, MCC = 0.62) UFD (AUROC = 0.23, F1 = 0.66, MCC = 0.10) Wang et al. (AUROC = 0.71, F1 = 0.72, MCC = 0.39) Wang et al. (AUROC = 0.37, F1 = 0.16, MCC = 0.05) 0.2 0.2 Mandelli et al. (AURO",33483,33485
E00128,P002,Unknown,Unknown,metric,F1,f1,unknown,,P002:p1-p8:unknown,"F1 = 0.66, MCC = 0.10) Wang et al. (AUROC = 0.71, F1 = 0.72, MCC = 0.39) Wang et al. (AUROC = 0.37, F1 = 0.16, MCC = 0.05) 0.2 0.2 Mandelli et al. (AUROC = 0.86, F1 = 0.88, MCC = 0.76) Mandelli et al. (",33533,33535
E00129,P002,Unknown,Unknown,metric,F1,f1,unknown,,P002:p1-p8:unknown,"CC = 0.39) Wang et al. (AUROC = 0.37, F1 = 0.16, MCC = 0.05) 0.2 0.2 Mandelli et al. (AUROC = 0.86, F1 = 0.88, MCC = 0.76) Mandelli et al. (AUROC = 0.82, F1 = 0.82, MCC = 0.61) Corvi et al. (AUROC = 0.2",33595,33597
E00130,P002,Unknown,Unknown,metric,F1,f1,unknown,,P002:p1-p8:unknown,"0.05) 0.2 0.2 Mandelli et al. (AUROC = 0.86, F1 = 0.88, MCC = 0.76) Mandelli et al. (AUROC = 0.82, F1 = 0.82, MCC = 0.61) Corvi et al. (AUROC = 0.27, F1 = 0.67, MCC = 0.12) Corvi et al. (AUROC = 0.17,",33649,33651
E00131,P002,Unknown,Unknown,metric,F1,f1,unknown,,P002:p1-p8:unknown,"0.88, MCC = 0.76) Mandelli et al. (AUROC = 0.82, F1 = 0.82, MCC = 0.61) Corvi et al. (AUROC = 0.27, F1 = 0.67, MCC = 0.12) Corvi et al. (AUROC = 0.17, F1 = 0.67, MCC = 0.00) VII. Conclusion I N this pap",33700,33702
E00132,P002,Unknown,Unknown,metric,F1,f1,unknown,,P002:p1-p8:unknown,"= 0.82, MCC = 0.61) Corvi et al. (AUROC = 0.27, F1 = 0.67, MCC = 0.12) Corvi et al. (AUROC = 0.17, F1 = 0.67, MCC = 0.00) VII. Conclusion I N this paper, we have trained a simple method to detect synth",33751,33753
E00133,P002,Unknown,Unknown,metric,F1,f1,unknown,,P002:p1-p8:unknown,"e work into preventing and controlling the risk of false alarms. Gragnaniello et al. (AUROC = 0.73, F1 = 0.75, MCC = 0.45) Gragnaniello et al. (AUROC = 0.34, F1 = 0.67, MCC = 0.00) PatchForensics (AUROC",34382,34384
E00134,P002,Unknown,Unknown,metric,F1,f1,unknown,,P002:p1-p8:unknown,"larms. Gragnaniello et al. (AUROC = 0.73, F1 = 0.75, MCC = 0.45) Gragnaniello et al. (AUROC = 0.34, F1 = 0.67, MCC = 0.00) PatchForensics (AUROC = 0.38, F1 = 0.67, MCC = 0.11) PatchForensics (AUROC = 0.",34440,34442
E00135,P002,Unknown,Unknown,metric,F1,f1,unknown,,P002:p1-p8:unknown,"MCC = 0.45) Gragnaniello et al. (AUROC = 0.34, F1 = 0.67, MCC = 0.00) PatchForensics (AUROC = 0.38, F1 = 0.67, MCC = 0.11) PatchForensics (AUROC = 0.24, F1 = 0.67, MCC = 0.02) 0.0 0.0 0.0 0.2 0.4 0.6 0.",34493,34495
E00136,P002,Unknown,Unknown,metric,F1,f1,unknown,,P002:p1-p8:unknown,".67, MCC = 0.00) PatchForensics (AUROC = 0.38, F1 = 0.67, MCC = 0.11) PatchForensics (AUROC = 0.24, F1 = 0.67, MCC = 0.02) 0.0 0.0 0.0 0.2 0.4 0.6 0.8 1.0 False Positive Rate 0.0 0.2 0.4 0.6 0.8 1.0 Fal",34546,34548
E00137,P002,Unknown,Unknown,metric,AUROC,auroc,unknown,,P002:p1-p8:unknown,"otographies, and thus fewer opportunities for frequency artefacts to be revealed. 0.6 0.6 Proposed (AUROC = 0.99, F1 = 0.97, MCC = 0.93) Proposed (AUROC = 0.99, F1 = 0.96, MCC = 0.92) Proposed, Specific (A",31864,31869
E00138,P002,Unknown,Unknown,metric,AUROC,auroc,unknown,,P002:p1-p8:unknown,"requency artefacts to be revealed. 0.6 0.6 Proposed (AUROC = 0.99, F1 = 0.97, MCC = 0.93) Proposed (AUROC = 0.99, F1 = 0.96, MCC = 0.92) Proposed, Specific (AUROC = 1.00, F1 = 0.99, MCC = 0.97) Proposed, S",31911,31916
E00139,P002,Unknown,Unknown,metric,AUROC,auroc,unknown,,P002:p1-p8:unknown,"C = 0.99, F1 = 0.97, MCC = 0.93) Proposed (AUROC = 0.99, F1 = 0.96, MCC = 0.92) Proposed, Specific (AUROC = 1.00, F1 = 0.99, MCC = 0.97) Proposed, Specific (AUROC = 0.99, F1 = 0.97, MCC = 0.93) 0.4 0.4 Tru",31968,31973
E00140,P002,Unknown,Unknown,metric,AUROC,auroc,unknown,,P002:p1-p8:unknown,"F1 = 0.96, MCC = 0.92) Proposed, Specific (AUROC = 1.00, F1 = 0.99, MCC = 0.97) Proposed, Specific (AUROC = 0.99, F1 = 0.97, MCC = 0.93) 0.4 0.4 True Positive Rate True Positive Rate Proposed, Generalizati",32025,32030
E00141,P002,Unknown,Unknown,metric,AUROC,auroc,unknown,,P002:p1-p8:unknown,".99, F1 = 0.97, MCC = 0.93) 0.4 0.4 True Positive Rate True Positive Rate Proposed, Generalization (AUROC = 0.72, F1 = 0.68, MCC = 0.48) Proposed, Generalization (AUROC = 0.97, F1 = 0.92, MCC = 0.85) UFD (",32134,32139
E00142,P002,Unknown,Unknown,metric,AUROC,auroc,unknown,,P002:p1-p8:unknown,"itive Rate Proposed, Generalization (AUROC = 0.72, F1 = 0.68, MCC = 0.48) Proposed, Generalization (AUROC = 0.97, F1 = 0.92, MCC = 0.85) UFD (AUROC = 0.73, F1 = 0.68, MCC = 0.42) UFD (AUROC = 0.04, F1 = 0.",32197,32202
E00143,P002,Unknown,Unknown,metric,AUROC,auroc,unknown,,P002:p1-p8:unknown,"= 0.72, F1 = 0.68, MCC = 0.48) Proposed, Generalization (AUROC = 0.97, F1 = 0.92, MCC = 0.85) UFD (AUROC = 0.73, F1 = 0.68, MCC = 0.42) UFD (AUROC = 0.04, F1 = 0.67, MCC = 0.00) Wang et al. (AUROC = 0.50,",32239,32244
E00144,P002,Unknown,Unknown,metric,AUROC,auroc,unknown,,P002:p1-p8:unknown,"Generalization (AUROC = 0.97, F1 = 0.92, MCC = 0.85) UFD (AUROC = 0.73, F1 = 0.68, MCC = 0.42) UFD (AUROC = 0.04, F1 = 0.67, MCC = 0.00) Wang et al. (AUROC = 0.50, F1 = 0.44, MCC = 0.00) Wang et al. (AUROC",32281,32286
E00145,P002,Unknown,Unknown,metric,AUROC,auroc,unknown,,P002:p1-p8:unknown,"5) UFD (AUROC = 0.73, F1 = 0.68, MCC = 0.42) UFD (AUROC = 0.04, F1 = 0.67, MCC = 0.00) Wang et al. (AUROC = 0.50, F1 = 0.44, MCC = 0.00) Wang et al. (AUROC = 0.30, F1 = 0.00, MCC = 0.00) 0.2 0.2 Mandelli e",32331,32336
E00146,P002,Unknown,Unknown,metric,AUROC,auroc,unknown,,P002:p1-p8:unknown,"AUROC = 0.04, F1 = 0.67, MCC = 0.00) Wang et al. (AUROC = 0.50, F1 = 0.44, MCC = 0.00) Wang et al. (AUROC = 0.30, F1 = 0.00, MCC = 0.00) 0.2 0.2 Mandelli et al. (AUROC = 0.66, F1 = 0.71, MCC = 0.37) Mandel",32381,32386
E00147,P002,Unknown,Unknown,metric,AUROC,auroc,unknown,,P002:p1-p8:unknown,", F1 = 0.44, MCC = 0.00) Wang et al. (AUROC = 0.30, F1 = 0.00, MCC = 0.00) 0.2 0.2 Mandelli et al. (AUROC = 0.66, F1 = 0.71, MCC = 0.37) Mandelli et al. (AUROC = 0.71, F1 = 0.74, MCC = 0.49) Corvi et al. (",32443,32448
E00148,P002,Unknown,Unknown,metric,AUROC,auroc,unknown,,P002:p1-p8:unknown,"= 0.00, MCC = 0.00) 0.2 0.2 Mandelli et al. (AUROC = 0.66, F1 = 0.71, MCC = 0.37) Mandelli et al. (AUROC = 0.71, F1 = 0.74, MCC = 0.49) Corvi et al. (AUROC = 0.05, F1 = 0.67, MCC = 0.00) Corvi et al. (AUR",32497,32502
E00149,P002,Unknown,Unknown,metric,AUROC,auroc,unknown,,P002:p1-p8:unknown,"= 0.66, F1 = 0.71, MCC = 0.37) Mandelli et al. (AUROC = 0.71, F1 = 0.74, MCC = 0.49) Corvi et al. (AUROC = 0.05, F1 = 0.67, MCC = 0.00) Corvi et al. (AUROC = 0.01, F1 = 0.67, MCC = 0.00) Gragnaniello et a",32548,32553
E00150,P002,Unknown,Unknown,metric,AUROC,auroc,unknown,,P002:p1-p8:unknown,"ROC = 0.71, F1 = 0.74, MCC = 0.49) Corvi et al. (AUROC = 0.05, F1 = 0.67, MCC = 0.00) Corvi et al. (AUROC = 0.01, F1 = 0.67, MCC = 0.00) Gragnaniello et al. (AUROC = 0.53, F1 = 0.70, MCC = 0.26) Gragnaniel",32599,32604
E00151,P002,Unknown,Unknown,metric,AUROC,auroc,unknown,,P002:p1-p8:unknown,".05, F1 = 0.67, MCC = 0.00) Corvi et al. (AUROC = 0.01, F1 = 0.67, MCC = 0.00) Gragnaniello et al. (AUROC = 0.53, F1 = 0.70, MCC = 0.26) Gragnaniello et al. (AUROC = 0.01, F1 = 0.67, MCC = 0.00) PatchForen",32657,32662
E00152,P002,Unknown,Unknown,metric,AUROC,auroc,unknown,,P002:p1-p8:unknown,"= 0.67, MCC = 0.00) Gragnaniello et al. (AUROC = 0.53, F1 = 0.70, MCC = 0.26) Gragnaniello et al. (AUROC = 0.01, F1 = 0.67, MCC = 0.00) PatchForensics (AUROC = 0.52, F1 = 0.67, MCC = 0.11) PatchForensics",32715,32720
E00153,P002,Unknown,Unknown,metric,AUROC,auroc,unknown,,P002:p1-p8:unknown,"3, F1 = 0.70, MCC = 0.26) Gragnaniello et al. (AUROC = 0.01, F1 = 0.67, MCC = 0.00) PatchForensics (AUROC = 0.52, F1 = 0.67, MCC = 0.11) PatchForensics (AUROC = 0.55, F1 = 0.72, MCC = 0.33) 0.0 0.0 0.0 0.2",32768,32773
E00154,P002,Unknown,Unknown,metric,AUROC,auroc,unknown,,P002:p1-p8:unknown,"= 0.01, F1 = 0.67, MCC = 0.00) PatchForensics (AUROC = 0.52, F1 = 0.67, MCC = 0.11) PatchForensics (AUROC = 0.55, F1 = 0.72, MCC = 0.33) 0.0 0.0 0.0 0.2 0.4 0.6 0.8 1.0 False Positive Rate 0.0 0.2 0.4 0.6",32821,32826
E00155,P002,Unknown,Unknown,metric,AUROC,auroc,unknown,,P002:p1-p8:unknown,"ve Rate 0.0 0.2 0.4 0.6 0.8 1.0 False Positive Rate firefly glide 1.0 1.0 0.8 0.8 0.6 0.6 Proposed (AUROC = 0.99, F1 = 0.96, MCC = 0.91) Proposed (AUROC = 0.99, F1 = 0.96, MCC = 0.92) Proposed, Specific (A",33002,33007
E00156,P002,Unknown,Unknown,metric,AUROC,auroc,unknown,,P002:p1-p8:unknown,"Rate firefly glide 1.0 1.0 0.8 0.8 0.6 0.6 Proposed (AUROC = 0.99, F1 = 0.96, MCC = 0.91) Proposed (AUROC = 0.99, F1 = 0.96, MCC = 0.92) Proposed, Specific (AUROC = 0.94, F1 = 0.87, MCC = 0.73) Proposed, S",33049,33054
E00157,P002,Unknown,Unknown,metric,AUROC,auroc,unknown,,P002:p1-p8:unknown,"C = 0.99, F1 = 0.96, MCC = 0.91) Proposed (AUROC = 0.99, F1 = 0.96, MCC = 0.92) Proposed, Specific (AUROC = 0.94, F1 = 0.87, MCC = 0.73) Proposed, Specific (AUROC = 0.99, F1 = 0.97, MCC = 0.94) 0.4 0.4 Tru",33106,33111
E00158,P002,Unknown,Unknown,metric,AUROC,auroc,unknown,,P002:p1-p8:unknown,"F1 = 0.96, MCC = 0.92) Proposed, Specific (AUROC = 0.94, F1 = 0.87, MCC = 0.73) Proposed, Specific (AUROC = 0.99, F1 = 0.97, MCC = 0.94) 0.4 0.4 True Positive Rate True Positive Rate Proposed, Generalizati",33163,33168
E00159,P002,Unknown,Unknown,metric,AUROC,auroc,unknown,,P002:p1-p8:unknown,".99, F1 = 0.97, MCC = 0.94) 0.4 0.4 True Positive Rate True Positive Rate Proposed, Generalization (AUROC = 0.92, F1 = 0.85, MCC = 0.70) Proposed, Generalization (AUROC = 0.97, F1 = 0.91, MCC = 0.83) UFD (",33272,33277
E00160,P002,Unknown,Unknown,metric,AUROC,auroc,unknown,,P002:p1-p8:unknown,"itive Rate Proposed, Generalization (AUROC = 0.92, F1 = 0.85, MCC = 0.70) Proposed, Generalization (AUROC = 0.97, F1 = 0.91, MCC = 0.83) UFD (AUROC = 0.86, F1 = 0.79, MCC = 0.62) UFD (AUROC = 0.23, F1 = 0.",33335,33340
E00161,P002,Unknown,Unknown,metric,AUROC,auroc,unknown,,P002:p1-p8:unknown,"= 0.92, F1 = 0.85, MCC = 0.70) Proposed, Generalization (AUROC = 0.97, F1 = 0.91, MCC = 0.83) UFD (AUROC = 0.86, F1 = 0.79, MCC = 0.62) UFD (AUROC = 0.23, F1 = 0.66, MCC = 0.10) Wang et al. (AUROC = 0.71,",33377,33382
E00162,P002,Unknown,Unknown,metric,AUROC,auroc,unknown,,P002:p1-p8:unknown,"Generalization (AUROC = 0.97, F1 = 0.91, MCC = 0.83) UFD (AUROC = 0.86, F1 = 0.79, MCC = 0.62) UFD (AUROC = 0.23, F1 = 0.66, MCC = 0.10) Wang et al. (AUROC = 0.71, F1 = 0.72, MCC = 0.39) Wang et al. (AUROC",33419,33424
E00163,P002,Unknown,Unknown,metric,AUROC,auroc,unknown,,P002:p1-p8:unknown,"3) UFD (AUROC = 0.86, F1 = 0.79, MCC = 0.62) UFD (AUROC = 0.23, F1 = 0.66, MCC = 0.10) Wang et al. (AUROC = 0.71, F1 = 0.72, MCC = 0.39) Wang et al. (AUROC = 0.37, F1 = 0.16, MCC = 0.05) 0.2 0.2 Mandelli e",33469,33474
E00164,P002,Unknown,Unknown,metric,AUROC,auroc,unknown,,P002:p1-p8:unknown,"AUROC = 0.23, F1 = 0.66, MCC = 0.10) Wang et al. (AUROC = 0.71, F1 = 0.72, MCC = 0.39) Wang et al. (AUROC = 0.37, F1 = 0.16, MCC = 0.05) 0.2 0.2 Mandelli et al. (AUROC = 0.86, F1 = 0.88, MCC = 0.76) Mandel",33519,33524
E00165,P002,Unknown,Unknown,metric,AUROC,auroc,unknown,,P002:p1-p8:unknown,", F1 = 0.72, MCC = 0.39) Wang et al. (AUROC = 0.37, F1 = 0.16, MCC = 0.05) 0.2 0.2 Mandelli et al. (AUROC = 0.86, F1 = 0.88, MCC = 0.76) Mandelli et al. (AUROC = 0.82, F1 = 0.82, MCC = 0.61) Corvi et al. (",33581,33586
E00166,P002,Unknown,Unknown,metric,AUROC,auroc,unknown,,P002:p1-p8:unknown,"= 0.16, MCC = 0.05) 0.2 0.2 Mandelli et al. (AUROC = 0.86, F1 = 0.88, MCC = 0.76) Mandelli et al. (AUROC = 0.82, F1 = 0.82, MCC = 0.61) Corvi et al. (AUROC = 0.27, F1 = 0.67, MCC = 0.12) Corvi et al. (AUR",33635,33640
E00167,P002,Unknown,Unknown,metric,AUROC,auroc,unknown,,P002:p1-p8:unknown,"= 0.86, F1 = 0.88, MCC = 0.76) Mandelli et al. (AUROC = 0.82, F1 = 0.82, MCC = 0.61) Corvi et al. (AUROC = 0.27, F1 = 0.67, MCC = 0.12) Corvi et al. (AUROC = 0.17, F1 = 0.67, MCC = 0.00) VII. Conclusion I",33686,33691
E00168,P002,Unknown,Unknown,metric,AUROC,auroc,unknown,,P002:p1-p8:unknown,"ROC = 0.82, F1 = 0.82, MCC = 0.61) Corvi et al. (AUROC = 0.27, F1 = 0.67, MCC = 0.12) Corvi et al. (AUROC = 0.17, F1 = 0.67, MCC = 0.00) VII. Conclusion I N this paper, we have trained a simple method to d",33737,33742
E00169,P002,Unknown,Unknown,metric,AUROC,auroc,unknown,,P002:p1-p8:unknown,"all draw future work into preventing and controlling the risk of false alarms. Gragnaniello et al. (AUROC = 0.73, F1 = 0.75, MCC = 0.45) Gragnaniello et al. (AUROC = 0.34, F1 = 0.67, MCC = 0.00) PatchForen",34368,34373
E00170,P002,Unknown,Unknown,metric,AUROC,auroc,unknown,,P002:p1-p8:unknown,"isk of false alarms. Gragnaniello et al. (AUROC = 0.73, F1 = 0.75, MCC = 0.45) Gragnaniello et al. (AUROC = 0.34, F1 = 0.67, MCC = 0.00) PatchForensics (AUROC = 0.38, F1 = 0.67, MCC = 0.11) PatchForensics",34426,34431
E00171,P002,Unknown,Unknown,metric,AUROC,auroc,unknown,,P002:p1-p8:unknown,"3, F1 = 0.75, MCC = 0.45) Gragnaniello et al. (AUROC = 0.34, F1 = 0.67, MCC = 0.00) PatchForensics (AUROC = 0.38, F1 = 0.67, MCC = 0.11) PatchForensics (AUROC = 0.24, F1 = 0.67, MCC = 0.02) 0.0 0.0 0.0 0.2",34479,34484
E00172,P002,Unknown,Unknown,metric,AUROC,auroc,unknown,,P002:p1-p8:unknown,"= 0.34, F1 = 0.67, MCC = 0.00) PatchForensics (AUROC = 0.38, F1 = 0.67, MCC = 0.11) PatchForensics (AUROC = 0.24, F1 = 0.67, MCC = 0.02) 0.0 0.0 0.0 0.2 0.4 0.6 0.8 1.0 False Positive Rate 0.0 0.2 0.4 0.6",34532,34537
E00173,P002,Unknown,Unknown,distortion,JPEG,jpeg,unknown,,P002:p1-p8:unknown,"l from fake images. The proposed method can detect diffusion-model-generated images even under mild JPEG compression, and generalizes relatively well to unknown models. By pioneering this novel approach,",2007,2011
E00174,P002,Unknown,Unknown,distortion,JPEG,jpeg,unknown,,P002:p1-p8:unknown,"ity of the proposed method and of the state of the art to distinguish real from fake images against JPEG compression and on unseen models. some extent, of DM-generated images [14], [15]. Can these artefac",5972,5976
E00175,P002,Unknown,Unknown,distortion,JPEG,jpeg,unknown,,P002:p1-p8:unknown,rtefacts of DM-generated images lie at the same frequency spots as the artefacts caused by a common JPEG compression. It is thus crucial to be able to distinguish the artefacts that come from frequency-ba,6652,6656
E00176,P002,Unknown,Unknown,distortion,JPEG,jpeg,unknown,,P002:p1-p8:unknown,"be able to distinguish the artefacts that come from frequency-based methods from those coming from JPEG compression, lest natural but JPEG- compressed images be mistakenly detected as synthetic. In this",6791,6795
E00177,P002,Unknown,Unknown,distortion,JPEG,jpeg,unknown,,P002:p1-p8:unknown,"ts that come from frequency-based methods from those coming from JPEG compression, lest natural but JPEG- compressed images be mistakenly detected as synthetic. In this paper, we propose a method based on",6826,6830
E00178,P002,Unknown,Unknown,distortion,JPEG,jpeg,unknown,,P002:p1-p8:unknown,"entic ones. Experiments show that the proposed method can reliably detect artefacts even under mild JPEG compression, and distinguish the artefacts caused by compression than those caused by diffusion pro",7240,7244
E00179,P002,Unknown,Unknown,distortion,JPEG,jpeg,unknown,,P002:p1-p8:unknown,"cross-difference filter [11] has been introduced and used to reveal periodic artefacts coming from JPEG com- pression [11], [43] and image demosaicing [4]. The cross- difference is an high-pass filter de",15195,15199
E00180,P002,Unknown,Unknown,distortion,JPEG,jpeg,unknown,,P002:p1-p8:unknown,"I be a 2-dimensional image, the cross-difference at location (x, y) is defined as C. Robustness to JPEG compression The proposed method analyses FFT peaks corresponding to periods 0, 2, 4, and 8, in both",15489,15493
E00181,P002,Unknown,Unknown,distortion,JPEG,jpeg,unknown,,P002:p1-p8:unknown,"sed method analyses FFT peaks corresponding to periods 0, 2, 4, and 8, in both directions. However, JPEG compression also leaves strong artefacts in these periods [2], [7], [8], [44]. To train the network",15615,15619
E00182,P002,Unknown,Unknown,distortion,JPEG,jpeg,unknown,,P002:p1-p8:unknown,"], [8], [44]. To train the network to only detect artefacts coming from diffusion methods, we apply JPEG compression to the training images. One model is trained for each JPEG quality factor, as well as w",15785,15789
E00183,P002,Unknown,Unknown,distortion,JPEG,jpeg,unknown,,P002:p1-p8:unknown,"diffusion methods, we apply JPEG compression to the training images. One model is trained for each JPEG quality factor, as well as without compression. At inference, the JPEG potential quantization table",15856,15860
E00184,P002,Unknown,Unknown,distortion,JPEG,jpeg,unknown,,P002:p1-p8:unknown,"ne model is trained for each JPEG quality factor, as well as without compression. At inference, the JPEG potential quantization table of the tested image is estimated using a quantization table estimator",15927,15931
E00185,P002,Unknown,Unknown,distortion,JPEG,jpeg,unknown,,P002:p1-p8:unknown,"ng uncompressed images is particularly useful, as we can then apply various post-processing such as JPEG compression on a clean image. On the other hand, as diffusion models are quite recent, the availabl",17435,17439
E00186,P002,Unknown,Unknown,distortion,JPEG,jpeg,unknown,,P002:p1-p8:unknown,2 DALL·E 3 Firefly Overall Uncompressed 0.915 0.933 0.943 0.866 0.915 0.867 0.932 0.920 0.913 0.872 JPEG Q = 95 0.761 0.913 0.910 0.807 0.680 0.769 0.749 0.879 0.729 0.708 JPEG Q = 90 0.699 0.903 0.894 0.,26408,26412
E00187,P002,Unknown,Unknown,distortion,JPEG,jpeg,unknown,,P002:p1-p8:unknown,867 0.932 0.920 0.913 0.872 JPEG Q = 95 0.761 0.913 0.910 0.807 0.680 0.769 0.749 0.879 0.729 0.708 JPEG Q = 90 0.699 0.903 0.894 0.804 0.684 0.753 0.749 0.848 0.534 0.609 JPEG Q = 80 0.580 0.913 0.904 0.,26480,26484
E00188,P002,Unknown,Unknown,distortion,JPEG,jpeg,unknown,,P002:p1-p8:unknown,769 0.749 0.879 0.729 0.708 JPEG Q = 90 0.699 0.903 0.894 0.804 0.684 0.753 0.749 0.848 0.534 0.609 JPEG Q = 80 0.580 0.913 0.904 0.823 0.696 0.716 0.653 0.853 0.502 0.583 JPEG Q = 70 0.579 0.915 0.904 0.,26552,26556
E00189,P002,Unknown,Unknown,distortion,JPEG,jpeg,unknown,,P002:p1-p8:unknown,753 0.749 0.848 0.534 0.609 JPEG Q = 80 0.580 0.913 0.904 0.823 0.696 0.716 0.653 0.853 0.502 0.583 JPEG Q = 70 0.579 0.915 0.904 0.806 0.687 0.707 0.610 0.848 0.524 0.598 TABLE 2: Study of the robustness,26624,26628
E00190,P002,Unknown,Unknown,distortion,JPEG,jpeg,unknown,,P002:p1-p8:unknown,.848 0.524 0.598 TABLE 2: Study of the robustness of the proposed method (generic training) against JPEG compression on the different models. The model is trained at different quality factors. At inferenc,26779,26783
E00191,P002,Unknown,Unknown,distortion,JPEG,jpeg,unknown,,P002:p1-p8:unknown,"on the different models. The model is trained at different quality factors. At inference, the image JPEG quantization matrix is estimated to select the appropriate model. The Matthew’s Correlation Coeffic",26896,26900
E00192,P002,Unknown,Unknown,distortion,JPEG,jpeg,unknown,,P002:p1-p8:unknown,"Coefficient MCC score is displayed, by setting the optimal threshold per dataset. DM artefacts and JPEG compression artefacts lie at the very same frequencies, rendering synthetic images detection diffic",27092,27096
E00193,P002,Unknown,Unknown,distortion,JPEG,jpeg,unknown,,P002:p1-p8:unknown,"artefacts lie at the very same frequencies, rendering synthetic images detection difficult against JPEG compression. Despite that, the model still shows robustness against JPEG compression, even at a Q =",27208,27212
E00194,P002,Unknown,Unknown,distortion,JPEG,jpeg,unknown,,P002:p1-p8:unknown,"etection difficult against JPEG compression. Despite that, the model still shows robustness against JPEG compression, even at a Q = 70 quality factor. Glide SD1.3 SD1.4 SD2 SD XL Midjourney DALL·E 2 DALL·",27281,27285
E00195,P002,Unknown,Unknown,distortion,JPEG,jpeg,unknown,,P002:p1-p8:unknown,t Glide images are better than results when the model belongs to the training set. A. Robustness to JPEG compression It was stated earlier that DM artefacts and JPEG compression artefacts lie at the very,28444,28448
E00196,P002,Unknown,Unknown,distortion,JPEG,jpeg,unknown,,P002:p1-p8:unknown,"to the training set. A. Robustness to JPEG compression It was stated earlier that DM artefacts and JPEG compression artefacts lie at the very same frequency, potentially rendering their distinction diffi",28505,28509
E00197,P002,Unknown,Unknown,distortion,JPEG,jpeg,unknown,,P002:p1-p8:unknown,"ring their distinction difficult. To assess this, we test the proposed model on images at different JPEG compression levels, as seen in Table 2. The test images, both real and synthetic, are JPEG- compres",28681,28685
E00198,P002,Unknown,Unknown,distortion,JPEG,jpeg,unknown,,P002:p1-p8:unknown,"ifferent JPEG compression levels, as seen in Table 2. The test images, both real and synthetic, are JPEG- compressed at the mentioned quality factor. As can be seen, the model is very robust even against",28772,28776
E00199,P002,Unknown,Unknown,distortion,JPEG,jpeg,unknown,,P002:p1-p8:unknown,"pressed at the mentioned quality factor. As can be seen, the model is very robust even against mild JPEG compression, and can still distinguish real from fake images even at JPEG quality 70, albeit with r",28881,28885
E00200,P002,Unknown,Unknown,distortion,JPEG,jpeg,unknown,,P002:p1-p8:unknown,"robust even against mild JPEG compression, and can still distinguish real from fake images even at JPEG quality 70, albeit with reduced performance. VI. Discussion and limitations D ESPITE its simplicity",28955,28959
E00269,P002,Unknown,Unknown,model_backbone,CLIP,clip,references,REFERENCES,P002:p8-p9:references,"ient (mcc) over f1 score and accuracy in binary classification evaluation. BMC genomics, 2020. [13] clip-interrogator, 2022. [14] Riccardo Corvi, Davide Cozzolino, Giovanni Poggi, Koki Nagano, and Luisa V",6455,6459
E00270,P002,Unknown,Unknown,model_backbone,CLIP,clip,references,REFERENCES,P002:p8-p9:references,"hariwal, Alex Nichol, Casey Chu, and Mark Chen. Hierarchical text-conditional image generation with clip latents, 2022. [49] Robin Rombach, Andreas Blattmann, Dominik Lorenz, Patrick Esser, and Bj¨orn Omm",14474,14478
E00271,P002,Unknown,Unknown,model_backbone,CNN,cnn,references,REFERENCES,P002:p8-p9:references,"rocessing (ICASSP), pages 1–5. IEEE, 2023. [16] Davide Cozzolino and Luisa Verdoliva. Noiseprint: A cnn-based camera model fingerprint. IEEE Transactions on Information Forensics and Security, 15:144–159",7602,7605
E00272,P002,Unknown,Unknown,model_backbone,CNN,cnn,references,REFERENCES,P002:p8-p9:references,"tes, Inc., 2017. [53] Sheng-Yu Wang, Oliver Wang, Richard Zhang, Andrew Owens, and Alexei A. Efros. Cnn-generated images are surprisingly easy to spot... for now. In 2020 IEEE/CVF Conference on Computer",15570,15573
E00273,P002,Unknown,Unknown,model_backbone,CNN,cnn,references,REFERENCES,P002:p8-p9:references,"g Zuo, Yunjin Chen, Deyu Meng, and Lei Zhang. Beyond a gaussian denoiser: Residual learning of deep cnn for image denoising. IEEE transactions on image processing, 26(7):3142–3155, 2017. [55] Xu Zhang, S",15858,15861
E00490,P003,Unknown,Unknown,model_backbone,ResNet,resnet,dataset,"2.1
Dataset Details",P003:p2-p4:dataset,ffusion [17] 3 Table 2: Results of cross-validation on different training and testing subsets using ResNet-50. Training Subset Testing Subset Avg Acc.(%) Midjourney SD V1.4 SD V1.5 ADM GLIDE Wukong VQDM Big,4006,4012
E00554,P003,Unknown,Unknown,model_backbone,ResNet,resnet,dataset,"3
GenImage Benchmark",P003:p4-p7:dataset,"be directly utilized as the detector for the binary classification of real and fake images. We use ResNet-50 [23], DeiT-S [24] and Swin-T [25] as the fake image detector. ResNet [23] is based on convolutio",268,274
E00555,P003,Unknown,Unknown,model_backbone,ResNet,resnet,dataset,"3
GenImage Benchmark",P003:p4-p7:dataset,"eal and fake images. We use ResNet-50 [23], DeiT-S [24] and Swin-T [25] as the fake image detector. ResNet [23] is based on convolutional neural network. DeiT-S [24] and Swin-T [25] are based on Transformer",340,346
E00556,P003,Unknown,Unknown,model_backbone,ResNet,resnet,dataset,"3
GenImage Benchmark",P003:p4-p7:dataset,"out the necessity of specific GAN models to generate fake images as training data. CNNSpot [9] uses ResNet-50 as a binary classifier, with specific pre- and post- processing and data augmentation. However,",1430,1436
E00557,P003,Unknown,Unknown,model_backbone,ResNet,resnet,dataset,"3
GenImage Benchmark",P003:p4-p7:dataset,"sted on images generated by the same generator. We perform our analysis with the most commonly used Resnet-50 [23]. Our GenImage dataset consists of eight distinct subsets, each corresponding to a specific",2031,2037
E00558,P003,Unknown,Unknown,model_backbone,ResNet,resnet,dataset,"3
GenImage Benchmark",P003:p4-p7:dataset,"radation when training and testing are conducted using different generators. For instance, when the ResNet-50 is trained on Stable Diffusion V1.4 and tested on Midjourney, the binary classification accuracy",2640,2646
E00559,P003,Unknown,Unknown,model_backbone,ResNet,resnet,dataset,"3
GenImage Benchmark",P003:p4-p7:dataset,"generators. We average sixty-four results for one method. For example, we respectively train eight ResNet-50 models using eight generators and average their evaluation results on Midjourney, yielding an ac",4153,4159
E00560,P003,Unknown,Unknown,model_backbone,ResNet,resnet,dataset,"3
GenImage Benchmark",P003:p4-p7:dataset,"detectors, such as CNNSpot [9] and Spec [28]. In Table 3 and Table 4, current CNN-based models like ResNet perform similarly to Transformer- based models like DeiT-S and Swin-T. These backbone models share",5062,5068
E00561,P003,Unknown,Unknown,model_backbone,ResNet,resnet,dataset,"3
GenImage Benchmark",P003:p4-p7:dataset,subsets. Method Testing Subset Avg Acc.(%) Midjourney SD V1.4 SD V1.5 ADM GLIDE Wukong VQDM BigGAN ResNet-50 [23] 54.9 99.9 99.7 53.5 61.9 98.2 56.6 52.0 72.1 DeiT-S [24] 55.6 99.9 99.8 49.8 58.1 98.9 56.9,7358,7364
E00562,P003,Unknown,Unknown,model_backbone,ResNet,resnet,dataset,"3
GenImage Benchmark",P003:p4-p7:dataset,t column. Method Testing Subset Avg Acc.(%) Midjourney SD V1.4 SD V1.5 ADM GLIDE Wukong VQDM BigGAN ResNet-50 [23] 59.0 72.3 72.4 59.7 73.1 71.4 60.9 66.6 66.9 DeiT-S [24] 60.7 74.2 74.2 59.5 71.1 73.1 61.7,8095,8101
E00563,P003,Unknown,Unknown,model_backbone,ResNet,resnet,dataset,"3
GenImage Benchmark",P003:p4-p7:dataset,"ion artifacts. To introduce blurring effects, we incorporate Gaussian Blurring. As baseline models, ResNet-50, DeiT-S, and Swin-T all present similar results. They all detect images well for the low resolut",9442,9448
E00225,P002,Unknown,Unknown,method_keyword,frequency,frequency,unknown,,P002:p1-p8:unknown,d to detect synthetic images produced by diffusion models. Our approach capitalizes on the inherent frequency artefacts left behind during the diffusion process. Spectral analysis is used to highlight the arte,1713,1722
E00226,P002,Unknown,Unknown,method_keyword,frequency,frequency,unknown,,P002:p1-p8:unknown,"ethods is still lacking. It has been noted [21], [25], [38], [55] that GAN-generated images feature frequency artefacts. This is also true, to This work is licensed under a Creative Commons Attribution 4.0 Lic",4417,4426
E00227,P002,Unknown,Unknown,method_keyword,frequency,frequency,unknown,,P002:p1-p8:unknown,"t the cross-difference, a simple high-pass filter, can outperform the state of the art to highlight frequency artefacts in images, to a point they can be detected on individual images, • Based on this, we intr",5516,5525
E00228,P002,Unknown,Unknown,method_keyword,frequency,frequency,unknown,,P002:p1-p8:unknown,"st be extracted from a single image, which is a much more challenging undertaking. Furthermore, the frequency artefacts of DM-generated images lie at the same frequency spots as the artefacts caused by a commo",6541,6550
E00229,P002,Unknown,Unknown,method_keyword,frequency,frequency,unknown,,P002:p1-p8:unknown,"hallenging undertaking. Furthermore, the frequency artefacts of DM-generated images lie at the same frequency spots as the artefacts caused by a common JPEG compression. It is thus crucial to be able to distin",6600,6609
E00230,P002,Unknown,Unknown,method_keyword,frequency,frequency,unknown,,P002:p1-p8:unknown,"common JPEG compression. It is thus crucial to be able to distinguish the artefacts that come from frequency-based methods from those coming from JPEG compression, lest natural but JPEG- compressed images be",6744,6753
E00231,P002,Unknown,Unknown,method_keyword,frequency,frequency,unknown,,P002:p1-p8:unknown,"etic images generated by diffusion models. We set up a simple method to highlight and anal- yse the frequency artefacts in images, distinguishing DM- generated images from authentic ones. Experiments show that",7064,7073
E00232,P002,Unknown,Unknown,method_keyword,frequency,frequency,unknown,,P002:p1-p8:unknown,"and potential misuse mitigation cannot be overstated. domain to identify synthetic images by their frequency arte- facts. PatchForensics [10] investigates the unique properties of fake images, particularly fa",11078,11087
E00233,P002,Unknown,Unknown,method_keyword,frequency,frequency,unknown,,P002:p1-p8:unknown,"raining schemes are presented and discussed in the Experi- ments section. A S seen in Figure 1, the frequency artefacts from DM- generated images lie at very specific frequencies, corre- sponding to components",14612,14621
E00234,P002,Unknown,Unknown,method_keyword,frequency,frequency,unknown,,P002:p1-p8:unknown,"s of periods 2, 4, and 8. We propose to use a cross-difference filter on the image to highlight the frequency artefacts in an image, and extract the magnitude of the points corresponding to components of perio",14820,14829
E00235,P002,Unknown,Unknown,method_keyword,frequency,frequency,unknown,,P002:p1-p8:unknown,"x+1,y| . (1) We propose to use the cross-difference to dampen the low frequencies and highlight the frequency artefacts from DM- generated images, shown in Figure 2 For each colour channel of the image to anal",16293,16302
E00236,P002,Unknown,Unknown,method_keyword,frequency,frequency,unknown,,P002:p1-p8:unknown,"ct a simple fingerprint of the image. As the cross-difference acts as an high-pass filter, the high-frequency artefacts we expect to find in synthetic images are much more prominent on the cross-difference tha",16573,16582
E00237,P002,Unknown,Unknown,method_keyword,frequency,frequency,unknown,,P002:p1-p8:unknown,"and the DnCNN denoiser proposed in existing works [14], [21], [38], which used DnCNN [54] to reveal frequency artefacts on synthetic images, but had to aggregate the results over a large number of images. We i",27760,27769
E00238,P002,Unknown,Unknown,method_keyword,frequency,frequency,unknown,,P002:p1-p8:unknown,"ression It was stated earlier that DM artefacts and JPEG compression artefacts lie at the very same frequency, potentially rendering their distinction difficult. To assess this, we test the proposed model on i",28553,28562
E00239,P002,Unknown,Unknown,method_keyword,frequency,frequency,unknown,,P002:p1-p8:unknown,"s. It is not trained to work on GAN images, for which numerous tools already exists. Given that the frequency artefacts are usually stronger on GAN images than on DM images, it would be easy to adapt the propo",30387,30396
E00240,P002,Unknown,Unknown,method_keyword,frequency,frequency,unknown,,P002:p1-p8:unknown,"ains untested, and thus not suited for, digital art examination. Indeed, not only B. Ablation study Frequency artefacts on synthetic images were previously highlighted using denoising with DnCNN [14], [15], [2",30721,30730
E00241,P002,Unknown,Unknown,method_keyword,frequency,frequency,unknown,,P002:p1-p8:unknown,"her than on a single image. We propose the use of a cross-difference filter, that can highlight the frequency artefacts on single images. Table 3 shows that this filter indeed improves performance over using D",31035,31044
E00416,P003,Unknown,Unknown,dataset,GenImage,genimage,unknown,,P003:p1-p1:unknown,"GenImage: A Million-Scale Benchmark for Detecting AI-Generated Image Mingjian Zhu, Hanting Chen, Qiangyu Yan",0,8
E00418,P003,Unknown,Unknown,dataset,GenImage,genimage,abstract,Abstract,P003:p1-p1:abstract,"generators poses an obstacle to the development of such detectors. In this paper, we introduce the GenImage dataset, which has the following advantages: 1) Plenty of Images, including over one million pairs",451,459
E00419,P003,Unknown,Unknown,dataset,GenImage,genimage,abstract,Abstract,P003:p1-p1:abstract,advanced diffusion models and GANs. The aforemen- tioned advantages allow the detectors trained on GenImage to undergo a thorough evaluation and demonstrate strong applicability to diverse images. We conduct,838,846
E00420,P003,Unknown,Unknown,dataset,GenImage,genimage,abstract,Abstract,P003:p1-p1:abstract,"ectors in handling degraded images such as low-resolution, blurred, and compressed images. With the GenImage dataset, researchers can effectively expedite the development and evaluation of superior AI-generat",1393,1401
E00427,P003,Unknown,Unknown,dataset,GenImage,genimage,introduction,"1
Introduction",P003:p1-p2:introduction,"✓ ✓ ✗ 7,000 7,000 DE-FAKE [11] General ✗ ✓ ✗ 20,000 60,000 CiFAKE [12] General ✗ ✓ ✓ 60,000 60,000 GenImage General ✓ ✓ ✓ 1,331,167 1,350,000 comprising solely 241 real images and 252 fake images. A larger d",2092,2100
E00428,P003,Unknown,Unknown,dataset,GenImage,genimage,introduction,"1
Introduction",P003:p1-p2:introduction,"e current state- of-the-art Diffusion and GAN models, subsequently constructing our dataset, namely GenImage. Our target is to be on par with awesome million-scale datasets like ImageNet [15] for complete and",3671,3679
E00429,P003,Unknown,Unknown,dataset,GenImage,genimage,introduction,"1
Introduction",P003:p1-p2:introduction,"1.3 million fake images, which equals the number of real images in ImageNet. In Table 1, we compare GenImage with the other datasets. Compared with the face forgery datasets, GenImage covers a broader range o",4000,4008
E00430,P003,Unknown,Unknown,dataset,GenImage,genimage,introduction,"1
Introduction",P003:p1-p2:introduction,". In Table 1, we compare GenImage with the other datasets. Compared with the face forgery datasets, GenImage covers a broader range of image content, such as basketball and guitar. Besides, GenImage employs s",4075,4083
E00431,P003,Unknown,Unknown,dataset,GenImage,genimage,introduction,"1
Introduction",P003:p1-p2:introduction,"datasets, GenImage covers a broader range of image content, such as basketball and guitar. Besides, GenImage employs state-of-the-art diffusion generators, such as Midjourney [16] and Stable Diffusion [17]. T",4165,4173
E00432,P003,Unknown,Unknown,dataset,GenImage,genimage,introduction,"1
Introduction",P003:p1-p2:introduction,"Diffusion [17]. The richer image content and generator categories ensure the diversity of images in GenImage. Compared with general fake image detection datasets, GenImage also demonstrates the advantages of",4356,4364
E00433,P003,Unknown,Unknown,dataset,GenImage,genimage,introduction,"1
Introduction",P003:p1-p2:introduction,"es ensure the diversity of images in GenImage. Compared with general fake image detection datasets, GenImage also demonstrates the advantages of the dataset scale. We perform a comprehensive analysis of GenIm",4419,4427
E00434,P003,Unknown,Unknown,dataset,GenImage,genimage,introduction,"1
Introduction",P003:p1-p2:introduction,Image also demonstrates the advantages of the dataset scale. We perform a comprehensive analysis of GenImage using existing SOTA detection methods and then propose two tasks resembling real-world detection pr,4522,4530
E00435,P003,Unknown,Unknown,dataset,GenImage,genimage,introduction,"1
Introduction",P003:p1-p2:introduction,"detectors on the degraded images, such as low resolution, JPEG compression, and Gaussian Blur. The GenImage is promising to significantly contribute to the advancement of detectors specifically designed for",4971,4979
E00436,P003,Unknown,Unknown,dataset,CIFAKE,cifake,introduction,"1
Introduction",P003:p1-p2:introduction,"62,000 362,000 IEEE VIP Cup [10] General ✓ ✓ ✗ 7,000 7,000 DE-FAKE [11] General ✗ ✓ ✗ 20,000 60,000 CiFAKE [12] General ✗ ✓ ✓ 60,000 60,000 GenImage General ✓ ✓ ✓ 1,331,167 1,350,000 comprising solely 241 r",2052,2058
E00437,P003,Unknown,Unknown,dataset,CIFAKE,cifake,introduction,"1
Introduction",P003:p1-p2:introduction,"oyed diffusion models to generate more general images. Based on a small-scale Cifar10 dataset [14], CiFAKE [12] generates fake images only with Stable Diffusion V1.4. However, existing diffusion model datas",3353,3359
E00438,P003,Unknown,Unknown,dataset,ImageNet,imagenet,introduction,"1
Introduction",P003:p1-p2:introduction,"g our dataset, namely GenImage. Our target is to be on par with awesome million-scale datasets like ImageNet [15] for complete and comprehensive AI-generated image detector training and validation. We use the",3749,3757
E00439,P003,Unknown,Unknown,dataset,ImageNet,imagenet,introduction,"1
Introduction",P003:p1-p2:introduction,"comprehensive AI-generated image detector training and validation. We use the 1000 class labels in ImageNet to generate 1.3 million fake images, which equals the number of real images in ImageNet. In Table 1",3879,3887
E00260,P002,Unknown,Unknown,benchmark,Synthbuster,synthbuster,unknown,,P002:p1-p8:unknown,", XXXX; date of current version XX Month, XXXX. Digital Object Identifier 10.1109/XXXX.2022.1234567 Synthbuster: Towards Detection of Diffusion Model Generated Images Quentin Bammey1 1Universit´e Paris-Saclay, E",516,527
E00417,P003,Unknown,Unknown,benchmark,GenImage,genimage,unknown,,P003:p1-p1:unknown,"GenImage: A Million-Scale Benchmark for Detecting AI-Generated Image Mingjian Zhu, Hanting Chen, Qiangyu Yan",0,8
E00422,P003,Unknown,Unknown,benchmark,GenImage,genimage,abstract,Abstract,P003:p1-p1:abstract,"generators poses an obstacle to the development of such detectors. In this paper, we introduce the GenImage dataset, which has the following advantages: 1) Plenty of Images, including over one million pairs",451,459
E00423,P003,Unknown,Unknown,benchmark,GenImage,genimage,abstract,Abstract,P003:p1-p1:abstract,advanced diffusion models and GANs. The aforemen- tioned advantages allow the detectors trained on GenImage to undergo a thorough evaluation and demonstrate strong applicability to diverse images. We conduct,838,846
E00424,P003,Unknown,Unknown,benchmark,GenImage,genimage,abstract,Abstract,P003:p1-p1:abstract,"ectors in handling degraded images such as low-resolution, blurred, and compressed images. With the GenImage dataset, researchers can effectively expedite the development and evaluation of superior AI-generat",1393,1401
E00464,P003,Unknown,Unknown,benchmark,GenImage,genimage,introduction,"1
Introduction",P003:p1-p2:introduction,"✓ ✓ ✗ 7,000 7,000 DE-FAKE [11] General ✗ ✓ ✗ 20,000 60,000 CiFAKE [12] General ✗ ✓ ✓ 60,000 60,000 GenImage General ✓ ✓ ✓ 1,331,167 1,350,000 comprising solely 241 real images and 252 fake images. A larger d",2092,2100
E00465,P003,Unknown,Unknown,benchmark,GenImage,genimage,introduction,"1
Introduction",P003:p1-p2:introduction,"e current state- of-the-art Diffusion and GAN models, subsequently constructing our dataset, namely GenImage. Our target is to be on par with awesome million-scale datasets like ImageNet [15] for complete and",3671,3679
E00466,P003,Unknown,Unknown,benchmark,GenImage,genimage,introduction,"1
Introduction",P003:p1-p2:introduction,"1.3 million fake images, which equals the number of real images in ImageNet. In Table 1, we compare GenImage with the other datasets. Compared with the face forgery datasets, GenImage covers a broader range o",4000,4008
E00467,P003,Unknown,Unknown,benchmark,GenImage,genimage,introduction,"1
Introduction",P003:p1-p2:introduction,". In Table 1, we compare GenImage with the other datasets. Compared with the face forgery datasets, GenImage covers a broader range of image content, such as basketball and guitar. Besides, GenImage employs s",4075,4083
E00468,P003,Unknown,Unknown,benchmark,GenImage,genimage,introduction,"1
Introduction",P003:p1-p2:introduction,"datasets, GenImage covers a broader range of image content, such as basketball and guitar. Besides, GenImage employs state-of-the-art diffusion generators, such as Midjourney [16] and Stable Diffusion [17]. T",4165,4173
E00469,P003,Unknown,Unknown,benchmark,GenImage,genimage,introduction,"1
Introduction",P003:p1-p2:introduction,"Diffusion [17]. The richer image content and generator categories ensure the diversity of images in GenImage. Compared with general fake image detection datasets, GenImage also demonstrates the advantages of",4356,4364
E00470,P003,Unknown,Unknown,benchmark,GenImage,genimage,introduction,"1
Introduction",P003:p1-p2:introduction,"es ensure the diversity of images in GenImage. Compared with general fake image detection datasets, GenImage also demonstrates the advantages of the dataset scale. We perform a comprehensive analysis of GenIm",4419,4427
E00471,P003,Unknown,Unknown,benchmark,GenImage,genimage,introduction,"1
Introduction",P003:p1-p2:introduction,Image also demonstrates the advantages of the dataset scale. We perform a comprehensive analysis of GenImage using existing SOTA detection methods and then propose two tasks resembling real-world detection pr,4522,4530
E00472,P003,Unknown,Unknown,benchmark,GenImage,genimage,introduction,"1
Introduction",P003:p1-p2:introduction,"detectors on the degraded images, such as low resolution, JPEG compression, and Gaussian Blur. The GenImage is promising to significantly contribute to the advancement of detectors specifically designed for",4971,4979
E00541,P003,Unknown,Unknown,benchmark,GenImage,genimage,dataset,"2.1
Dataset Details",P003:p2-p4:dataset,"n of a detector’s capacity to discern between AI-generated and real images, we construct a dataset, GenImage, comprising over one million pairs of real and fake images. Considering that ImageNet is an awesome",153,161
E00542,P003,Unknown,Unknown,benchmark,GenImage,genimage,dataset,"2.1
Dataset Details",P003:p2-p4:dataset,"al and fake images. Considering that ImageNet is an awesome dataset that we want to be on par with, GenImage employs all the real images in ImageNet. Image generation in GenImage leverages 1000 distinct label",302,310
E00543,P003,Unknown,Unknown,benchmark,GenImage,genimage,dataset,"2.1
Dataset Details",P003:p2-p4:dataset,"at we want to be on par with, GenImage employs all the real images in ImageNet. Image generation in GenImage leverages 1000 distinct labels in ImageNet, ensuring a near-equal distribution of real and generate",372,380
E00544,P003,Unknown,Unknown,benchmark,GenImage,genimage,dataset,"2.1
Dataset Details",P003:p2-p4:dataset,"et, ensuring a near-equal distribution of real and generated images across each class. Our dataset, GenImage, comprises 2,681,167 images, segregated into 1,331,167 real and 1,350,000 fake images. The real ima",521,529
E00545,P003,Unknown,Unknown,benchmark,GenImage,genimage,dataset,"2.1
Dataset Details",P003:p2-p4:dataset,y SD V1.4 SD V1.5 ADM Samoyed Brambling Corn Candle Lighthouse Figure 1: Visualization of images on GenImage dataset. SD is short for Stable Diffusion. With ImageNet [15] providing 1000 distinct image classes,852,860
E00639,P003,Unknown,Unknown,benchmark,GenImage,genimage,dataset,"3
GenImage Benchmark",P003:p4-p7:dataset,"3 GenImage Benchmark 3.1 Fake Image Detectors In order to evaluate our dataset, we investigate and select some",2,10
E00261,P002,Unknown,Unknown,robustness_condition,compressed,compressed,unknown,,P002:p1-p8:unknown,"t come from frequency-based methods from those coming from JPEG compression, lest natural but JPEG- compressed images be mistakenly detected as synthetic. In this paper, we propose a method based on spectral an",6832,6842
E00262,P002,Unknown,Unknown,robustness_condition,compressed,compressed,unknown,,P002:p1-p8:unknown,"nt JPEG compression levels, as seen in Table 2. The test images, both real and synthetic, are JPEG- compressed at the mentioned quality factor. As can be seen, the model is very robust even against mild JPEG co",28778,28788
E00263,P002,Unknown,Unknown,robustness_condition,robustness,robustness,unknown,,P002:p1-p8:unknown,"an image. Let I be a 2-dimensional image, the cross-difference at location (x, y) is defined as C. Robustness to JPEG compression The proposed method analyses FFT peaks corresponding to periods 0, 2, 4, and 8,",15475,15485
E00264,P002,Unknown,Unknown,robustness_condition,robustness,robustness,unknown,,P002:p1-p8:unknown,"th an histogram-based approach to accelerate the tree- growing process. The algorithm maintains the robustness of gradient boosting, while the histogram-based technique enhances its scalability, making it suita",19510,19520
E00265,P002,Unknown,Unknown,robustness_condition,robustness,robustness,unknown,,P002:p1-p8:unknown,0.583 JPEG Q = 70 0.579 0.915 0.904 0.806 0.687 0.707 0.610 0.848 0.524 0.598 TABLE 2: Study of the robustness of the proposed method (generic training) against JPEG compression on the different models. The mod,26718,26728
E00266,P002,Unknown,Unknown,robustness_condition,robustness,robustness,unknown,,P002:p1-p8:unknown,"synthetic images detection difficult against JPEG compression. Despite that, the model still shows robustness against JPEG compression, even at a Q = 70 quality factor. Glide SD1.3 SD1.4 SD2 SD XL Midjourney D",27262,27272
E00267,P002,Unknown,Unknown,robustness_condition,robustness,robustness,unknown,,P002:p1-p8:unknown,results against Glide images are better than results when the model belongs to the training set. A. Robustness to JPEG compression It was stated earlier that DM artefacts and JPEG compression artefacts lie at t,28430,28440
E00268,P002,Unknown,Unknown,robustness_condition,robustness,robustness,unknown,,P002:p1-p8:unknown,"images better than the existing state of the art. It shows some generalization ability, as well as robustness to JPEG compression. Despite that, those two points remain an important challenge. Indeed, while th",29215,29225
E00415,P002,Unknown,Unknown,robustness_condition,compressed,compressed,references,REFERENCES,P002:p8-p9:references,"Yi-Lei Chen and Chiou-Ting Hsu. Image tampering detection by blocking periodicity analysis in jpeg compressed images. In 2008 IEEE 10th Workshop on Multimedia Signal Processing, pages 803– 808. IEEE, 2008. [12",6158,6168
E00425,P003,Unknown,Unknown,robustness_condition,cross-generator,cross-generator,abstract,Abstract,P003:p1-p1:abstract,t and propose two tasks for evaluating the detection method in resembling real-world scenarios. The cross-generator image classification task measures the performance of a detector trained on one generator when test,1085,1100
E00426,P003,Unknown,Unknown,robustness_condition,compressed,compressed,abstract,Abstract,P003:p1-p1:abstract,"the capa- bility of the detectors in handling degraded images such as low-resolution, blurred, and compressed images. With the GenImage dataset, researchers can effectively expedite the development and evaluat",1365,1375
E00473,P003,Unknown,Unknown,robustness_condition,cross-generator,cross-generator,introduction,"1
Introduction",P003:p1-p2:introduction,ing SOTA detection methods and then propose two tasks resembling real-world detection problems: (1) Cross-Generator Image Classification: training the detectors on the images generated by one generator and evaluatin,4642,4657
E00645,P003,Unknown,Unknown,robustness_condition,cross-generator,cross-generator,dataset,"3
GenImage Benchmark",P003:p4-p7:dataset,red to the unique characteristics of mixed GAN and diffusion data becomes imperative. 4 3.2 Task 1: Cross-Generator Image Classification We first evaluate the performance of the detector when trained and tested on i,1825,1840
E00646,P003,Unknown,Unknown,robustness_condition,cross-generator,cross-generator,dataset,"3
GenImage Benchmark",P003:p4-p7:dataset,ility to distinguish between real and fake images independent of the used generator. We propose the cross-generator image classification task to evaluate the recognition ability of the AI-generator detector. In Tabl,3369,3384
E00647,P003,Unknown,Unknown,robustness_condition,cross-generator,cross-generator,dataset,"3
GenImage Benchmark",P003:p4-p7:dataset,"minating between real and fake images. We train them from scratch for binary classification. In the cross-generator image classification task, the best result is achieved by Swin-T, while the other two methods are c",5575,5590
E00648,P003,Unknown,Unknown,robustness_condition,robustness,robustness,dataset,"3
GenImage Benchmark",P003:p4-p7:dataset,es the difference between fake and real faces. Then it leverages global texture features to enhance robustness and generalization. Both methods are inferior to training directly with a binary classification bac,7015,7025
E00649,P003,Unknown,Unknown,robustness_condition,degradation,degradation,dataset,"3
GenImage Benchmark",P003:p4-p7:dataset,"1.5 subsets achieve an exceptional accuracy of 99.9%. However, we observe a substantial performance degradation when training and testing are conducted using different generators. For instance, when the ResNet-5",2537,2548
E00650,P003,Unknown,Unknown,robustness_condition,degradation,degradation,dataset,"3
GenImage Benchmark",P003:p4-p7:dataset,"a promising solution for GenImage. 3.3 Task 2: Degraded Image Classification Images often encounter degradation problems during propagation [9], such as low resolution, com- pression, and noise interference. Det",8681,8692
E00651,P003,Unknown,Unknown,robustness_condition,degradation,degradation,dataset,"3
GenImage Benchmark",P003:p4-p7:dataset,"ides a more comprehensive understanding of the capability of the detector to handle practical image degradation. 4 GenImage Analysis In this section, we conduct extensive experiments to investigate the character",10496,10507
E00729,P003,Unknown,Unknown,robustness_condition,cross-generator,cross-generator,results,Table 6: Results of increasing the number of images.,P003:p7-p9:results,increasing the number of images. Total Image Classes Images Per Class Identical-Generator Acc. (%) Cross-Generator Acc. (%) 1600 10 160 73.6 60.9 1600 100 16 81.8 62.7 16000 100 160 97.7 68.7 16000 1000 16 96.3 68.,119,134
